id,title_ja,title_kana,title_romaji,title_en,aliases,media_type,release_start,release_end,episode_count,runtime_min,series_id,season_number,genres,tags,target_demographic,setting,era,themes,original_type,original_title,original_author,original_artist,original_publisher,original_label,original_magazine,original_platform,animation_studio,co_animation_studio,animation_cooperation,production_name,production_committee,production_members,production_lead_company,planning,executive_producers,producers,animation_producers,line_producers,director,chief_director,series_composition,character_original_design,character_design,music,sound_director,staff,characters,opening_themes,ending_themes,insert_songs,music_production,soundtrack_label,broadcast_networks,broadcast_slots,streaming_services,film_distributor,theatrical_release_date,relations,episodes,episode_staff,awards,synopsis,image_url,official_url,official_x,official_youtube,official_other,external_ids,updated_at
A00000001,かげきしょうじょ!!,,,,,TV,,,,,,,,,,,,,,,,,,,,,,,,,,,,,,,,,,,,,,,,,,,,,,,,,,,,,,,,,,,,,,discovery-key::5b6c16d03475efa9f3c3a6f52bd19c0e1dddd7352e2c8771f53b3a374bd88145,2026-09-10
A00000002,SEKIRO: NO DEFEAT,,,,,MOVIE,,,,,,,,,,,,,,,,,,,,,,,,,,,,,,,,,,,,,,,,,,,,,,,,,,,,,,,,,,,,,,discovery-key::934bb73b11940f9bcbc9f31b6460554c0cf29cd89e02b5149d2f38a1fdcc02f1,2026-09-10
A00000003,東京リベンジャーズ,,,,,TV,,,,,,,,,,,,,,,,,,,,,,,,,,,,,,,,,,,,,,,,,,,,,,,,,,,,,,,,,,,,,,discovery-key::6ec59276ce0984817ea05015ad5392e5aaf2252dcc01d4f3418420f47f2f24b0,2026-09-10
A00000004,ご注文はうさぎですか?,,,,,TV,,,,,,,,,,,,,,,,,,,,,,,,,,,,,,,,,,,,,,,,,,,,,,,,,,,,,,,,,,,,,,discovery-key::f655a0f93b47870357cbad4219d7c57348573a2ed55eabb705edc94ae538b1f6,2026-09-10
A00000005,かぎなど,,,,,TV,,,,,,,,,,,,,,,,,,,,,,,,,,,,,,,,,,,,,,,,,,,,,,,,,,,,,,,,,,,,,,discovery-key::50491cb739de4a46d6b87655e7859256ae5ddd700c68f39806983767464c7f40,2026-09-10
A00000006,勇者王ガオガイガー,,,,,TV,,,,,,,,,,,,,,,,,,,,,,,,,,,,,,,,,,,,,,,,,,,,,,,,,,,,,,,,,,,,,,discovery-key::6f25f4bd214cd94f7a3532a9ba8fef5541e85c9fd8526cbc2e3359d8bf3ab34b,2026-09-10
A00000007,鬼滅の刃 遊郭編,,,,,TV,,,,,,,,,,,,,,,,,,,,,,,,,,,,,,,,,,,,,,,,,,,,,,,,,,,,,,,,,,,,,,discovery-key::d0bd929711e873d427b641f0490177e6912f77723b4d6d0b18f0dbe2f9a83daa,2026-09-10
A00000008,SPY×FAMILY,,,,,TV,,,,,,,,,,,,,,,,,,,,,,,,,,,,,,,,,,,,,,,,,,,,,,,,,,,,,,,,,,,,,,discovery-key::c9387c625f22ced6143dbdadff362ac504851423cffd8db849e9ebc94de03c97,2026-09-10
A00000009,魔都精兵のスレイブ,,,,,TV,,,,,,,,,,,,,,,,,,,,,,,,,,,,,,,,,,,,,,,,,,,,,,,,,,,,,,,,,,,,,,discovery-key::5a0bf9895515c3e4bf48a3793f16f402fb70a8a31eef4cf101a0095c269ecfdc,2026-09-10
A00000010,お隣の天使様にいつの間にか駄目人間にされていた件,,,,,TV,,,,,,,,,,,,,,,,,,,,,,,,,,,,,,,,,,,,,,,,,,,,,,,,,,,,,,,,,,,,,,discovery-key::7f0357cc0d77043075cdd3c62987feb452467e51ee6f53aa38323da2846fbf7d,2026-09-10
A00000011,劇場版 呪術廻戦 0,,,,,MOVIE,,,,,,,,,,,,,,,,,,,,,,,,,,,,,,,,,,,,,,,,,,,,,,,,,,,2021-12-24,,,,,,,,,,,discovery-key::9073a2028d142459d27b9e0cd538bd848c97090d218dc20bda7616c2b3ec0c66,2026-09-10
A00000012,のんのんびより のんすとっぷ,,,,,TV,,,,,,,,,,,,,,,,,,,,,,,,,,,,,,,,,,,,,,,,,,,,,,,,,,,,,,,,,,,,,,discovery-key::b5100c5845ec67b2365d745f95462542ddba0432e599f260ed52f4e66dadbe05,2026-09-10
A00000013,【推しの子】,,,,,TV,,,,,,,,,,,,,,,,,,,,,,,,,,,,,,,,,,,,,,,,,,,,,,,,,,,,,,,,,,,,,,discovery-key::c50fd72a33849e2177049ce52f643e3a06ddecc6e6768071bd6e95fdb4c3e057,2026-09-10
A00000014,アオアシ,,,,,TV,,,,,,,,,,,,,,,,,,,,,,,,,,,,,,,,,,,,,,,,,,,,,,,,,,,,,,,,,,,,,,discovery-key::d1e67397b3f82b62ad95347f815c884a850af718cc4aa12ae5da6707f39fa248,2026-09-10
A00000015,るろうに剣心 -明治剣客浪漫譚-,,,,,TV,,,,,,,,,,,,,,,,,,,,,,,,,,,,,,,,,,,,,,,,,,,,,,,,,,,,,,,,,,,,,,discovery-key::5d894ba9b7363bc0aa426997019351753e6b40cbe7d82eed310423dc6775a184,2026-09-10
A00000016,この素晴らしい世界に祝福を!,,,,,TV,,,,,,,,,,,,,,,,,,,,,,,,,,,,,,,,,,,,,,,,,,,,,,,,,,,,,,,,,,,,,,discovery-key::accd722db7f7794960df76d2011f1cfe4cd2d0ced044d5ed3598424f28730312,2026-09-10
A00000017,とんがり帽子のアトリエ,,,,,TV,,,,,,,,,,,,,,,,,,,,,,,,,,,,,,,,,,,,,,,,,,,,,,,,,,,,,,,,,,,,,,discovery-key::564f5d49c8dd3c0da44207e881e5eb5eb6cefa84d6546d74652535fe3d0ed9f0,2026-09-10
A00000018,キン肉マン,,,,,TV,,,,,,,,,,,,,,,,,,,,,,,,,,,,,,,,,,,,,,,,,,,,,,,,,,,,,,,,,,,,,,discovery-key::fddc8801a73c7d2c7578e5bd6b8163e7bdc155ab14869d96cbb46a84d622d214,2026-09-10
A00000019,異世界失格,,,,,TV,,,,,,,,,,,,,,,,,,,,,,,,,,,,,,,,,,,,,,,,,,,,,,,,,,,,,,,,,,,,,,discovery-key::e820b051dda9cb869bf571b9817eaf0af44a8f831d160e7efb1d61768a46f3de,2026-09-10
A00000020,邪神ちゃんドロップキック,,,,,TV,,,,,,,,,,,,,,,,,,,,,,,,,,,,,,,,,,,,,,,,,,,,,,,,,,,,,,,,,,,,,,discovery-key::2cb7631f150a7df2f4a1830c69f797640f4b1e6a20203f9b90a309de5e5ed981,2026-09-10
A00000021,邪神ちゃんドロップキックX,,,,,TV,,,,,,,,,,,,,,,,,,,,,,,,,,,,,,,,,,,,,,,,,,,,,,,,,,,,,,,,,,,,,,discovery-key::65c7315c9db2818833e03c2cf8b5d2a048a4526494621ba6481b247ba4027d19,2026-09-10
A00000022,響け!ユーフォニアム3,,,,,TV,,,,,,,,,,,,,,,,,,,,,,,,,,,,,,,,,,,,,,,,,,,,,,,,,,,,,,,,,,,,,,discovery-key::a03e35ac1fcebeabc5364578c3f493c2005f48f63c932f50635e80ad7cdb6111,2026-09-10
A00000023,その着せ替え人形は恋をする,,,,,TV,,,,,,,,,,,,,,,,,,,,,,,,,,,,,,,,,,,,,,,,,,,,,,,,,,,,,,,,,,,,,,discovery-key::dacb83ec1cdd87b2c64ca5f9208f734e38abd4f5a38006415e23f4485ca256f2,2026-09-10
A00000024,ルパン三世,,,,,TV,,,,,,,,,,,,,,,,,,,,,,,,,,,,,,,,,,,,,,,,,,,,,,,,,,,,,,,,,,,,,,discovery-key::61edb0c386c70168d066b23151b26bd64bdf9d6a50ea14dcf9cebf7b23c7dcd9,2026-09-10
A00000025,ポケットモンスター,,,,,TV,,,,,,,,,,,,,,,,,,,,,,,,,,,,,,,,,,,,,,,,,,,,,,,,,,,,,,,,,,,,,,discovery-key::2f4c3db13998e4e350e25882cfd108d053f10d793e30e0f42bced9daba21deda,2026-09-10
A00000026,怪獣8号,,,,,TV,,,,,,,,,,,,,,,,,,,,,,,,,,,,,,,,,,,,,,,,,,,,,,,,,,,,,,,,,,,,,,discovery-key::982b013651fa2cd75fb8295a252c274f9e0cded4d5d0bd73775aab1073ea6252,2026-09-10
A00000027,夜桜さんちの大作戦,,,,,TV,,,,,,,,,,,,,,,,,,,,,,,,,,,,,,,,,,,,,,,,,,,,,,,,,,,,,,,,,,,,,,discovery-key::9577141d0ed0bce636077db65889e2f5c136bb825f7261b2c9b4e5f8e0eb240d,2026-09-10
A00000028,きみの色,,,,,MOVIE,,,,,,,,,,,,,,,,,,,,,,,,,,,,,,,,,,,,,,,,,,,,,,,,,,,2024-08-30,,,,,,,,,,,discovery-key::e4c2ffb9ca8e91ae35f0b9f9021a680b8f6109a65d65018ae047b4657624a185,2026-09-10
A00000029,ライアー・ライアー,,,,,TV,,,,,,,,,,,,,,,,,,,,,,,,,,,,,,,,,,,,,,,,,,,,,,,,,,,,,,,,,,,,,,discovery-key::fce6bb2c52f9ae52c1dcf5c91f285d3f4bfb9a959f7676959ddade6349b2b50f,2026-09-10
A00000030,道産子ギャルはなまらめんこい,,,,,TV,,,,,,,,,,,,,,,,,,,,,,,,,,,,,,,,,,,,,,,,,,,,,,,,,,,,,,,,,,,,,,discovery-key::06c60bc0c3d6ec0bdb848eb9375f7f3946f17b735fd605e0f5215f5598421a3f,2026-09-10
A00000031,僕の心のヤバイやつ,,,,,TV,,,,,,,,,,,,,,,,,,,,,,,,,,,,,,,,,,,,,,,,,,,,,,,,,,,,,,,,,,,,,,discovery-key::e33d77265f319717b0c4edab028947567d148d9fd396bce011f9de8c1db4a7ee,2026-09-10
A00000032,薬屋のひとりごと,,,,,TV,,,,,,,,,,,,,,,,,,,,,,,,,,,,,,,,,,,,,,,,,,,,,,,,,,,,,,,,,,,,,,discovery-key::080d0ef8df4e0ca346368c471f0fa77f795993145e280c6b3363e523fea7c95a,2026-09-10
A00000033,時々ボソッとロシア語でデレる隣のアーリャさん,,,,,TV,,,,,,,,,,,,,,,,,,,,,,,,,,,,,,,,,,,,,,,,,,,,,,,,,,,,,,,,,,,,,,discovery-key::9fb90be6330646aaabb9325c95812d802aee6c29a48af47bc28ebaed32154d43,2026-09-10
A00000034,君のことが大大大大大好きな100人の彼女,,,,,TV,,,,,,,,,,,,,,,,,,,,,,,,,,,,,,,,,,,,,,,,,,,,,,,,,,,,,,,,,,,,,,discovery-key::ffd5b666faea40e50d991e19d12e3756e5c23c682c0f3b07ea3ddd09c4bd325f,2026-09-10
A00000035,オーバーテイク!,,,,,TV,,,,,,,,,,,,,,,,,,,,,,,,,,,,,,,,,,,,,,,,,,,,,,,,,,,,,,,,,,,,,,discovery-key::a956ad4a8d0123b53a65d878ae93ac550f836f268b81963fadd3ccf2e896398c,2026-09-10
A00000036,青春ブタ野郎はおでかけシスターの夢を見ない,,,,,MOVIE,,,,,,,,,,,,,,,,,,,,,,,,,,,,,,,,,,,,,,,,,,,,,,,,,,,2023-06-23,,,,,,,,,,,discovery-key::d4fcb87a9db601ca2721e3bb733987139684e78e92a2d637d233f946f036e811,2026-09-10
A00000037,先輩はおとこのこ,,,,,TV,,,,,,,,,,,,,,,,,,,,,,,,,,,,,,,,,,,,,,,,,,,,,,,,,,,,,,,,,,,,,,discovery-key::40fcc69748e262cc7fd4c277e7abc42df0388b58c3211794aa881a9888a25c97,2026-09-10
A00000038,戦隊大失格,,,,,TV,,,,,,,,,,,,,,,,,,,,,,,,,,,,,,,,,,,,,,,,,,,,,,,,,,,,,,,,,,,,,,discovery-key::6cd0380d5d00aea380dbc1bc4bd4dc272d538a2094db75684a47b8508dbf40e3,2026-09-10
A00000039,Fate/strange Fake,,,,,TV,,,,,,,,,,,,,,,,,,,,,,,,,,,,,,,,,,,,,,,,,,,,,,,,,,,,,,,,,,,,,,discovery-key::62afb39a181b744f6d6a531f1267cd002124da7b1b2d8057018a3957ea986c9b,2026-09-10
A00000040,メダリスト,,,,,TV,,,,,,,,,,,,,,,,,,,,,,,,,,,,,,,,,,,,,,,,,,,,,,,,,,,,,,,,,,,,,,discovery-key::44f5fe3d5efdd4038461774395a9f8c5d212592e707a3e5e879db9d380b11af0,2026-09-10
A00000041,青春ブタ野郎はランドセルガールの夢を見ない,,,,,MOVIE,,,,,,,,,,,,,,,,,,,,,,,,,,,,,,,,,,,,,,,,,,,,,,,,,,,2023-12-01,,,,,,,,,,,discovery-key::2058018fff7be68544616284b15d811b1364f67c401c6f2fb1f45ec456e2297e,2026-09-10
A00000042,転生したら剣でしたII,,,,,TV,,,,,,,,,,,,,,,,,,,,,,,,,,,,,,,,,,,,,,,,,,,,,,,,,,,,,,,,,,,,,,discovery-key::6321ea31abbf260cf78c3fd6c450574d539070dd6e1665ea749edc9d8df6d406,2026-09-10
A00000043,甘神さんちの縁結び,,,,,TV,,,,,,,,,,,,,,,,,,,,,,,,,,,,,,,,,,,,,,,,,,,,,,,,,,,,,,,,,,,,,,discovery-key::c30b09f86b86d9d63535c0cf139de858b7222fb3a9f7ecfe768eeb98785915d2,2026-09-10
A00000044,夏目友人帳 漆,,,,,TV,,,,,,,,,,,,,,,,,,,,,,,,,,,,,,,,,,,,,,,,,,,,,,,,,,,,,,,,,,,,,,discovery-key::9b65a6004726a51c9bab5b7c981ffbf064d432e68f749a0da9c17312b1ec050a,2026-09-10
A00000045,ぼっち・ざ・ろっく!,,,,,TV,,,,,,,,,,,,,,,,,,,,,,,,,,,,,,,,,,,,,,,,,,,,,,,,,,,,,,,,,,,,,,discovery-key::ab28a43772457bdad5ea69837ad7df70961b43e03f7ef66c80b6d5b600f3da00,2026-09-10
A00000046,陰の実力者になりたくて! 2nd season,,,,,TV,,,,,,,,,,,,,,,,,,,,,,,,,,,,,,,,,,,,,,,,,,,,,,,,,,,,,,,,,,,,,,discovery-key::0fa3ced61926c7d34b10bc5cecabf42d4db670d95263b8e8a27a4dcf487207e9,2026-09-10
A00000047,ONE PIECE FILM RED,,,,,MOVIE,,,,,,,,,,,,,,,,,,,,,,,,,,,,,,,,,,,,,,,,,,,,,,,,,,,2022-08-06,,,,,,,,,,,discovery-key::ebc11f8af52c821de53bf6eb907e2ab5af5abdc2f449622153ed5eb8808d1f85,2026-09-10
A00000048,すずめの戸締まり,,,,,MOVIE,,,,,,,,,,,,,,,,,,,,,,,,,,,,,,,,,,,,,,,,,,,,,,,,,,,,,,,,,,,,,,discovery-key::d277bcd23d077fb888c7ffb57ee9346c2995dfac0c61c056ebd312dfeaf392ed,2026-09-10
A00000049,姫様“拷問”の時間です,,,,,TV,,,,,,,,,,,,,,,,,,,,,,,,,,,,,,,,,,,,,,,,,,,,,,,,,,,,,,,,,,,,,,discovery-key::bd7d7e5e94114ddef40931896ff7497055fbb934ea24110333d381998be85463,2026-09-10
A00000050,ONE PIECE,,,,,MOVIE,,,,,,,,,,,,,,,,,,,,,,,,,,,,,,,,,,,,,,,,,,,,,,,,,,,,,,,,,,,,,,discovery-key::476e42f1152a32f2e5333664647c5fb8cdf8240d90dd803b02fb8bcdd9802356,2026-09-10
A00000051,勇者刑に処す 懲罰勇者9004隊刑務記録,,,,,TV,,,,,,,,,,,,,,,,,,,,,,,,,,,,,,,,,,,,,,,,,,,,,,,,,,,,,,,,,,,,,,discovery-key::9336aa9a108fbc20be96b2f1ebb29d117fb4f7491917b2243218a32312fb23c7,2026-09-10
A00000052,家庭教師ヒットマンREBORN!,,,,,TV,,,,,,,,,,,,,,,,,,,,,,,,,,,,,,,,,,,,,,,,,,,,,,,,,,,,,,,,,,,,,,discovery-key::2cff367f84ffd52a43c1c125d4dd1a34274b7e5ba8fb25fa4c9f5370261e45e9,2026-09-10
A00000053,鴨乃橋ロンの禁断推理,,,,,TV,,,,,,,,,,,,,,,,,,,,,,,,,,,,,,,,,,,,,,,,,,,,,,,,,,,,,,,,,,,,,,discovery-key::7ef5d2e4d575d42df372abf4635a75b650340c3bb05e49d649a63c5e108af7b3,2026-09-10
A00000054,異修羅,,,,,TV,,,,,,,,,,,,,,,,,,,,,,,,,,,,,,,,,,,,,,,,,,,,,,,,,,,,,,,,,,,,,,discovery-key::7256265d7163647ba27a232566dfa85c7c4b65a8ddd949ef35b3fc4ffbe285b2,2026-09-10
A00000055,グレンダイザーU,,,,,TV,,,,,,,,,,,,,,,,,,,,,,,,,,,,,,,,,,,,,,,,,,,,,,,,,,,,,,,,,,,,,,discovery-key::363c59aaa0be888d609540465075a24cb1ec6b81fa255d0eb8ad5231e86f8c4c,2026-09-10
A00000056,トリリオンゲーム,,,,,TV,,,,,,,,,,,,,,,,,,,,,,,,,,,,,,,,,,,,,,,,,,,,,,,,,,,,,,,,,,,,,,discovery-key::414c319297ca1a54e62d66302c69510534754325c07a8f180a5a5c580ca11228,2026-09-10
A00000057,渡くんの××が崩壊寸前,,,,,TV,,,,,,,,,,,,,,,,,,,,,,,,,,,,,,,,,,,,,,,,,,,,,,,,,,,,,,,,,,,,,,discovery-key::e555286017d3f16b2210269191f1773824301a020718bdb922bebad655db2ba0,2026-09-10
A00000058,青のミブロ,,,,,TV,,,,,,,,,,,,,,,,,,,,,,,,,,,,,,,,,,,,,,,,,,,,,,,,,,,,,,,,,,,,,,discovery-key::25a76289f3014bf3634638aa9d00f1624cdbe8868d0e446971ef4b7936bb254e,2026-09-10
A00000059,THE ONE PIECE,,,,,TV,,,,,,,,,,,,,,,,,,,,,,,,,,,,,,,,,,,,,,,,,,,,,,,,,,,,,,,,,,,,,,discovery-key::b02ffe46fd1f69a3364448973a5fb685bbb63e598033e20c8fae76d992c491cc,2026-09-10
A00000060,アオのハコ,,,,,TV,,,,,,,,,,,,,,,,,,,,,,,,,,,,,,,,,,,,,,,,,,,,,,,,,,,,,,,,,,,,,,discovery-key::fc8de0afd09e1d44b91b67621ea0065e552716ced07069d31f218d4b0a53d3b0,2026-09-10
A00000061,ダンダダン,,,,,TV,,,,,,,,,,,,,,,,,,,,,,,,,,,,,,,,,,,,,,,,,,,,,,,,,,,,,,,,,,,,,,discovery-key::1943f0fb5450409113945372b2fd6876c5be7947ab2df6b2d1a256292d089909,2026-09-10
A00000062,アンデッドアンラック,,,,,TV,,,,,,,,,,,,,,,,,,,,,,,,,,,,,,,,,,,,,,,,,,,,,,,,,,,,,,,,,,,,,,discovery-key::e5c7ad50a755276a807628d49d58d7cc4b7779462bc4fa90ff670e1fab083a00,2026-09-10
A00000063,無職の英雄 別にスキルなんか要らなかったんだが,,,,,TV,,,,,,,,,,,,,,,,,,,,,,,,,,,,,,,,,,,,,,,,,,,,,,,,,,,,,,,,,,,,,,discovery-key::d9155476b65165d3b4784296202307b18eb1b912c93dcc1e328b05d0d687d375,2026-09-10
A00000064,冴えない彼女の育てかた,,,,,TV,,,,,,,,,,,,,,,,,,,,,,,,,,,,,,,,,,,,,,,,,,,,,,,,,,,,,,,,,,,,,,discovery-key::43262b5a33b98912dd33e1420688b5454a37296b5249ccad55e24f00ecdf6c04,2026-09-10
A00000065,トラペジウム,,,,,MOVIE,,,,,,,,,,,,,,,,,,,,,,,,,,,,,,,,,,,,,,,,,,,,,,,,,,,2024-05-10,,,,,,,,,,,discovery-key::22efe92b7a03ee482836af4c3f5fe0e79bd99c2de10687fee472c4d30ecd283c,2026-09-10
A00000066,ヴァンパイア男子寮,,,,,TV,,,,,,,,,,,,,,,,,,,,,,,,,,,,,,,,,,,,,,,,,,,,,,,,,,,,,,,,,,,,,,discovery-key::3feab04decf20c12089d7a62bc23bb5ed9ef7593c22ef5beac2b2368ba858eaf,2026-09-10
A00000067,ザ・ファブル,,,,,TV,,,,,,,,,,,,,,,,,,,,,,,,,,,,,,,,,,,,,,,,,,,,,,,,,,,,,,,,,,,,,,discovery-key::23d96c264f69702d6836964400757b6ecf4521537ae98692df034f645c43e438,2026-09-10
A00000068,報われなかった村人A、貴族に拾われて溺愛される上に、実は持っていた伝説級の神スキルも覚醒した,,,,,TV,,,,,,,,,,,,,,,,,,,,,,,,,,,,,,,,,,,,,,,,,,,,,,,,,,,,,,,,,,,,,,discovery-key::e3ad3c20a193c7f576f79565006a0e0e9ac9634a2fd1968696222cc39efca170,2026-09-10
A00000069,ピーター・グリルと賢者の時間 Super Extra,,,,,TV,,,,,,,,,,,,,,,,,,,,,,,,,,,,,,,,,,,,,,,,,,,,,,,,,,,,,,,,,,,,,,discovery-key::30be001e21e2349e80c19c68211f3327b2a7a4f826808b40d729c0737347a4cb,2026-09-10
A00000070,サザエさん,,,,,TV,,,,,,,,,,,,,,,,,,,,,,,,,,,,,,,,,,,,,,,,,,,,,,,,,,,,,,,,,,,,,,discovery-key::44d3524cf9ce4d943d98accfe29d6e516921119416ddd9262d70c1f0b45581a1,2026-09-10
A00000071,ブルーロック,,,,,TV,,,,,,,,,,,,,,,,,,,,,,,,,,,,,,,,,,,,,,,,,,,,,,,,,,,,,,,,,,,,,,discovery-key::0cd6165386698cf66a1e439b896745607b30b7e0e746c0d18e413246b98428ff,2026-09-10
A00000072,チェンソーマン,,,,,TV,,,,,,,,,,,,,,,,,,,,,,,,,,,,,,,,,,,,,,,,,,,,,,,,,,,,,,,,,,,,,,discovery-key::00ea3864413e63428a3553a007ed428adf44738effd3d1e2faa8022df6936ad8,2026-09-10
A00000073,うる星やつら,,,,,TV,,,,,,,,,,,,,,,,,,,,,,,,,,,,,,,,,,,,,,,,,,,,,,,,,,,,,,,,,,,,,,discovery-key::4201c7332508c2aecc3b2a857719d92c0a7cd91fb295a8034bdfc0b5384462f0,2026-09-10
A00000074,あしたのジョー,,,,,TV,,,,,,,,,,,,,,,,,,,,,,,,,,,,,,,,,,,,,,,,,,,,,,,,,,,,,,,,,,,,,,discovery-key::1c4a856be09fb954748ba2e7809965350ede306315a4ed217e12cad347dc5754,2026-09-10
A00000075,エースをねらえ!,,,,,MOVIE,,,,,,,,,,,,,,,,,,,,,,,,,,,,,,,,,,,,,,,,,,,,,,,,,,,,,,,,,,,,,,discovery-key::a9b74900f064b95ca068dcae9a4b296ae8da3c5fd604410be5abae9a32bc329f,2026-09-10
A00000076,真の仲間じゃないと勇者のパーティーを追い出されたので、辺境でスローライフすることにしました,,,,,TV,,,,,,,,,,,,,,,,,,,,,,,,,,,,,,,,,,,,,,,,,,,,,,,,,,,,,,,,,,,,,,discovery-key::0f7fc55d5e4ab91982328dbcd8e5d4a18b027a91426e560c82c66d675e1347a7,2026-09-10
A00000077,リボンの騎士,,,,,MOVIE,,,,,,,,,,,,,,,,,,,,,,,,,,,,,,,,,,,,,,,,,,,,,,,,,,,,,,,,,,,,,,discovery-key::55edc2849936f6ce90204a9debcf3c5de2d8e246a39fb19b31461fcf0b28c824,2026-09-10
A00000078,ちいかわ,,,,,TV,,,,,,,,,,,,,,,,,,,,,,,,,,,,,,,,,,,,,,,,,,,,,,,,,,,,,,,,,,,,,,discovery-key::bf9f6bca6eae6d6a7a10056f2a76764ad0a5e3108904c430c22d1ab3518bd726,2026-09-10
A00000079,へーい!ブンブー,,,,,TV,,,,,,,,,,,,,,,,,,,,,,,,,,,,,,,,,,,,,,,,,,,,,,,,,,,,,,,,,,,,,,discovery-key::5cf0fef94d9fe12c54f0925fc7416c5fd5ca4cd3607e25d483d2505de579060b,2026-09-10
A00000080,ボビーに首ったけ,,,,,MOVIE,,,,,,,,,,,,,,,,,,,,,,,,,,,,,,,,,,,,,,,,,,,,,,,,,,,,,,,,,,,,,,discovery-key::1bf08ba590144ccec88d7b46965537341742da23fc4f8b8a82d319bf212c532a,2026-09-10
A00000081,モノノ怪,,,,,TV,,,,,,,,,,,,,,,,,,,,,,,,,,,,,,,,,,,,,,,,,,,,,,,,,,,,,,,,,,,,,,discovery-key::fa96df9d530988e01bb1386b196fae14562de9557dea2937aa3114ae38b9755a,2026-09-10
A00000082,バビル2世,,,,,OVA,,,,,,,,,,,,,,,,,,,,,,,,,,,,,,,,,,,,,,,,,,,,,,,,,,,,,,,,,,,,,,discovery-key::9fac8a046df5cf072a2428da4bbfb8be635516b59e19772f7cbfd00444faa30a,2026-09-10
A00000083,宇宙海賊キャプテンハーロック,,,,,TV,,,,,,,,,,,,,,,,,,,,,,,,,,,,,,,,,,,,,,,,,,,,,,,,,,,,,,,,,,,,,,discovery-key::04d915aa736e8c3baea1b6da57d4171b949562be0dd2ed0a1add88175f4e3c73,2026-09-10
A00000084,SF西遊記スタージンガー,,,,,TV,,,,,,,,,,,,,,,,,,,,,,,,,,,,,,,,,,,,,,,,,,,,,,,,,,,,,,,,,,,,,,discovery-key::0976d5cd4b34e3d37bc27b3afcdc9509e3e44090408693709b0313d7638d20af,2026-09-10
A00000085,転生したら剣でした,,,,,TV,,,,,,,,,,,,,,,,,,,,,,,,,,,,,,,,,,,,,,,,,,,,,,,,,,,,,,,,,,,,,,discovery-key::3f50080017f5442c1ed25685c9c3bd5c95bb702a316fc9146003b173c8d3dbba,2026-09-10
A00000086,異世界のんびり農家,,,,,TV,,,,,,,,,,,,,,,,,,,,,,,,,,,,,,,,,,,,,,,,,,,,,,,,,,,,,,,,,,,,,,discovery-key::966b3dc5ad1df9f2995beb3b2494e6fa184124346f5c165115c5d0bafd26db23,2026-09-10
A00000087,陰の実力者になりたくて!,,,,,TV,,,,,,,,,,,,,,,,,,,,,,,,,,,,,,,,,,,,,,,,,,,,,,,,,,,,,,,,,,,,,,discovery-key::c4b8bea1dd1204275fca49590f495357077ea05243217f833abb3fd852d08a73,2026-09-10
A00000088,サマーゴースト,,,,,SHORT,,,,,,,,,,,,,,,,,,,,,,,,,,,,,,,,,,,,,,,,,,,,,,,,,,,,,,,,,,,,,,discovery-key::308bc62ded5e39987560eebe1e414c311e6651439e25202b108fa6073e84bc90,2026-09-10
A00000089,リーンの翼,,,,,ONA,,,,,,,,,,,,,,,,,,,,,,,,,,,,,,,,,,,,,,,,,,,,,,,,,,,,,,,,,,,,,,discovery-key::69160319cda4cd914425d017911a1d385489f60089cbe2c7dd94490e6dc87b54,2026-09-10
A00000090,ループ7回目の悪役令嬢は、元敵国で自由気ままな花嫁生活を満喫する,,,,,TV,,,,,,,,,,,,,,,,,,,,,,,,,,,,,,,,,,,,,,,,,,,,,,,,,,,,,,,,,,,,,,discovery-key::cf110a0b9e39160b15784d98631ebbb9aae643c5a4635104768a8f30f07816e3,2026-09-10
A00000091,TRIGUN STAMPEDE,,,,,TV,,,,,,,,,,,,,,,,,,,,,,,,,,,,,,,,,,,,,,,,,,,,,,,,,,,,,,,,,,,,,,discovery-key::81b437ad55d7e64a379328a3d7543706fd0a7e4a4296cff24ace598f079b2254,2026-09-10
A00000092,Re:ゼロから始める異世界生活3rd season,,,,,TV,,,,,,,,,,,,,,,,,,,,,,,,,,,,,,,,,,,,,,,,,,,,,,,,,,,,,,,,,,,,,,discovery-key::8107eadaeede775dc9081cc79043c96827024a58a12319cc004d573babff9034,2026-09-10
A00000093,異世界スーサイド・スクワッド,,,,,TV,,,,,,,,,,,,,,,,,,,,,,,,,,,,,,,,,,,,,,,,,,,,,,,,,,,,,,,,,,,,,,discovery-key::bddc2446bb6620dafde9f4563c1fffebd39c3443eb16086a6dbff6692e1c85df,2026-09-10
A00000094,異世界でチート能力を手にした俺は、現実世界をも無双する~レベルアップは人生を変えた~,,,,,TV,,,,,,,,,,,,,,,,,,,,,,,,,,,,,,,,,,,,,,,,,,,,,,,,,,,,,,,,,,,,,,discovery-key::2988f711bcaef12b67008dc622ef8c266a12c81e36fba04f46e4bd633a384cf3,2026-09-10
A00000095,北斗の拳,,,,,TV,,,,,,,,,,,,,,,,,,,,,,,,,,,,,,,,,,,,,,,,,,,,,,,,,,,,,,,,,,,,,,discovery-key::aaa6f62a5f255bf6c83cb3571c208617d9abc658ee427cf44fc18a4978ae697e,2026-09-10
A00000096,終末のワルキューレ,,,,,TV,,,,,,,,,,,,,,,,,,,,,,,,,,,,,,,,,,,,,,,,,,,,,,,,,,,,,,,,,,,,,,discovery-key::4259a678886af44004871815d2ef1198254162c01c098c37186a80a10c1568da,2026-09-10
A00000097,ばいばい、アース,,,,,TV,,,,,,,,,,,,,,,,,,,,,,,,,,,,,,,,,,,,,,,,,,,,,,,,,,,,,,,,,,,,,,discovery-key::2cd2f63f96e074e03a20acebbee53064633b4662345907c94d5659affeaffd07,2026-09-10
A00000098,この世界は不完全すぎる,,,,,TV,,,,,,,,,,,,,,,,,,,,,,,,,,,,,,,,,,,,,,,,,,,,,,,,,,,,,,,,,,,,,,discovery-key::1866d22dead00666131452e9739e2356b0a25a4eab339f1bf220d7a086cdbc41,2026-09-10
A00000099,葬送のフリーレン,,,,,TV,,,,,,,,,,,,,,,,,,,,,,,,,,,,,,,,,,,,,,,,,,,,,,,,,,,,,,,,,,,,,,discovery-key::8d5d0a3355610e7b80aa13f45fb2e08e15a29c2ea1d72fd56c4a7706dd10c5a0,2026-09-10
A00000100,地獄楽,,,,,TV,,,,,,,,,,,,,,,,,,,,,,,,,,,,,,,,,,,,,,,,,,,,,,,,,,,,,,,,,,,,,,discovery-key::7657898657065745a1e1d1fe1098d7812bd1022b359c96d0b12e32ad209cb048,2026-09-10
A00000101,おとなりに銀河,,,,,TV,,,,,,,,,,,,,,,,,,,,,,,,,,,,,,,,,,,,,,,,,,,,,,,,,,,,,,,,,,,,,,discovery-key::3144c2b95f57afc0f75d178924e5b5a159e15fe6a4bec64b087cb28be1bb0350,2026-09-10
A00000102,負けヒロインが多すぎる!,,,,,TV,,,,,,,,,,,,,,,,,,,,,,,,,,,,,,,,,,,,,,,,,,,,,,,,,,,,,,,,,,,,,,discovery-key::ca9d4f25853e178a8f4e61a26f3e8f1294713c10366f4139cf51eaaa9f9ae841,2026-09-10
A00000103,とんでもスキルで異世界放浪メシ,,,,,TV,,,,,,,,,,,,,,,,,,,,,,,,,,,,,,,,,,,,,,,,,,,,,,,,,,,,,,,,,,,,,,discovery-key::328c948e94a5bcd46d61ab0c9c1d433f4b6fcb5e919eaca2115de0c9df9193e9,2026-09-10
A00000104,この素晴らしい世界に祝福を! 3,,,,,TV,,,,,,,,,,,,,,,,,,,,,,,,,,,,,,,,,,,,,,,,,,,,,,,,,,,,,,,,,,,,,,discovery-key::233db4ba72bdc5b561c17d22cd86be614c656e83e9ae2d27399d693a1a986ac3,2026-09-10
A00000105,メカウデ,,,,,ONA,,,,,,,,,,,,,,,,,,,,,,,,,,,,,,,,,,,,,,,,,,,,,,,,,,,,,,,,,,,,,,discovery-key::d3dd88b8290db418a64e277b934bd2a63413bc47bab07e95279b2df93826ff02,2026-09-10
A00000106,この素晴らしい世界に爆焔を!,,,,,TV,,,,,,,,,,,,,,,,,,,,,,,,,,,,,,,,,,,,,,,,,,,,,,,,,,,,,,,,,,,,,,discovery-key::ba093e964afede9221727b1dca749d011f150a8fde562f803de87eee9d7339a9,2026-09-10
A00000107,鋼鉄神ジーグ,,,,,TV,,,,,,,,,,,,,,,,,,,,,,,,,,,,,,,,,,,,,,,,,,,,,,,,,,,,,,,,,,,,,,discovery-key::e20ee416ee84ca0e125324831c202afdd3897aab623a0bfa5d5909dd6e7c5068,2026-09-10
A00000108,終末トレインどこへいく?,,,,,TV,,,,,,,,,,,,,,,,,,,,,,,,,,,,,,,,,,,,,,,,,,,,,,,,,,,,,,,,,,,,,,discovery-key::a797e7d18714ae74217eb401253825668c1faf126d92346b49af262e2949d99f,2026-09-10
A00000109,黒執事,,,,,TV,,,,,,,,,,,,,,,,,,,,,,,,,,,,,,,,,,,,,,,,,,,,,,,,,,,,,,,,,,,,,,discovery-key::65199b0fb7716d76a6cfe12bbaa90d162ebea476a4c6e8f62fe246e5a4fe9e15,2026-09-10
A00000110,ダンジョンの中のひと,,,,,TV,,,,,,,,,,,,,,,,,,,,,,,,,,,,,,,,,,,,,,,,,,,,,,,,,,,,,,,,,,,,,,discovery-key::920abae9d102bb082cabbe9cbc71d29e302e50d7eb24f13da3e4a8f4b12ecf57,2026-09-10
A00000111,ラブひな,,,,,TV,,,,,,,,,,,,,,,,,,,,,,,,,,,,,,,,,,,,,,,,,,,,,,,,,,,,,,,,,,,,,,discovery-key::0dd4ca7aee58bc55a2a330956162e627714c517a3ee751e7e381ae4e80fc18da,2026-09-10
A00000112,エロマンガ先生,,,,,TV,,,,,,,,,,,,,,,,,,,,,,,,,,,,,,,,,,,,,,,,,,,,,,,,,,,,,,,,,,,,,,discovery-key::e292680a692b898abdbe7b4684535b9b3493061599cb692b1e1ca8bd7347fe05,2026-09-10
A00000113,暴食のベルセルク,,,,,TV,,,,,,,,,,,,,,,,,,,,,,,,,,,,,,,,,,,,,,,,,,,,,,,,,,,,,,,,,,,,,,discovery-key::d6c8be4338dfd1376af3d318793ed6097b3581d1e79ae24e1f2cb82bbec6ac6e,2026-09-10
A00000114,大雪海のカイナ,,,,,TV,,,,,,,,,,,,,,,,,,,,,,,,,,,,,,,,,,,,,,,,,,,,,,,,,,,,,,,,,,,,,,discovery-key::e5d8f2f57576fd33a84ff4b83e6e455373753f14f936a6abab09427bc2e795ce,2026-09-10
A00000115,公女殿下の家庭教師,,,,,TV,,,,,,,,,,,,,,,,,,,,,,,,,,,,,,,,,,,,,,,,,,,,,,,,,,,,,,,,,,,,,,discovery-key::4fb17cd516b0fddd555f70303f9c3da5e5c4023a08c6d846c4e434fffd8980ad,2026-09-10
A00000116,CUE!,,,,,TV,,,,,,,,,,,,,,,,,,,,,,,,,,,,,,,,,,,,,,,,,,,,,,,,,,,,,,,,,,,,,,discovery-key::14da5d70daaa665ecfedd7e76c13706bbf00cc8ba7dc361555a78ce0cecc334a,2026-09-10
A00000117,骸骨騎士様、只今異世界へお出掛け中,,,,,TV,,,,,,,,,,,,,,,,,,,,,,,,,,,,,,,,,,,,,,,,,,,,,,,,,,,,,,,,,,,,,,discovery-key::2200cd02425920950e21a1a9dc99cb2601b6a00cac396b3aff651b2320d95247,2026-09-10
A00000118,WHITE ALBUM,,,,,TV,,,,,,,,,,,,,,,,,,,,,,,,,,,,,,,,,,,,,,,,,,,,,,,,,,,,,,,,,,,,,,discovery-key::fb0cd4760cb498fcdecaf7fd360063fdc481836f48ab07ef43a9ea3628f29842,2026-09-10
A00000119,ワールドトリガー,,,,,TV,,,,,,,,,,,,,,,,,,,,,,,,,,,,,,,,,,,,,,,,,,,,,,,,,,,,,,,,,,,,,,discovery-key::2dfce14e10712740ef27445a86f163288527f4e6201fec4896d3fec0859d79af,2026-09-10
A00000120,黄昏アウトフォーカス,,,,,TV,,,,,,,,,,,,,,,,,,,,,,,,,,,,,,,,,,,,,,,,,,,,,,,,,,,,,,,,,,,,,,discovery-key::a04535cfe9804afad7604ee84145fea5fe97dc2a069edd44a34f8646121a5137,2026-09-10
A00000121,盾の勇者の成り上がり,,,,,TV,,,,,,,,,,,,,,,,,,,,,,,,,,,,,,,,,,,,,,,,,,,,,,,,,,,,,,,,,,,,,,discovery-key::f8ce00180c11c2c58fcaada71d1e0adb854e624cbce8c2ae6eb233ea6129dc48,2026-09-10
A00000122,異世界魔王と召喚少女の奴隷魔術,,,,,TV,,,,,,,,,,,,,,,,,,,,,,,,,,,,,,,,,,,,,,,,,,,,,,,,,,,,,,,,,,,,,,discovery-key::c134cc15e2c3cc994c4d17145910b43f5cc85b91c1baa9f0f38e504490b701d4,2026-09-10
A00000123,キングダム,,,,,TV,,,,,,,,,,,,,,,,,,,,,,,,,,,,,,,,,,,,,,,,,,,,,,,,,,,,,,,,,,,,,,discovery-key::da6d183d0b33585e7f38163f93a177702d3977387fbe4c669eced962d8c4c8a7,2026-09-10
A00000124,ラーメン赤猫,,,,,TV,,,,,,,,,,,,,,,,,,,,,,,,,,,,,,,,,,,,,,,,,,,,,,,,,,,,,,,,,,,,,,discovery-key::909ed3641a9267f3dbfe54f157fab92d4f96e53f01c3be6b32c68758a240af3c,2026-09-10
A00000125,逃げ上手の若君,,,,,TV,,,,,,,,,,,,,,,,,,,,,,,,,,,,,,,,,,,,,,,,,,,,,,,,,,,,,,,,,,,,,,discovery-key::4f2c17eb8a3072182f8bcee363e99813522e8e880e88f27f951f220f3f707e1c,2026-09-10
A00000126,WIND BREAKER,,,,,TV,,,,,,,,,,,,,,,,,,,,,,,,,,,,,,,,,,,,,,,,,,,,,,,,,,,,,,,,,,,,,,discovery-key::7eef11d8942cdf20f2246b34b82c0dddd87e2842c4a4e2564fe213f6d395dccb,2026-09-10
A00000127,ふれる。,,,,,MOVIE,,,,,,,,,,,,,,,,,,,,,,,,,,,,,,,,,,,,,,,,,,,,,,,,,,,,,,,,,,,,,,discovery-key::9483724250ab61e87ef29e605e34d8f3dee30a6fea98a294a5ade3ffd8d60856,2026-09-10
A00000128,先輩がうざい後輩の話,,,,,TV,,,,,,,,,,,,,,,,,,,,,,,,,,,,,,,,,,,,,,,,,,,,,,,,,,,,,,,,,,,,,,discovery-key::faa350a9d2c4ee764e12a135bbfd0fecdf69b13638e98791bd5ccf0205f836b5,2026-09-10
A00000129,GHOST IN THE SHELL / 攻殻機動隊,,,,,MOVIE,,,,,,,,,,,,,,,,,,,,,,,,,,,,,,,,,,,,,,,,,,,,,,,,,,,,,,,,,,,,,,discovery-key::043f3d64c97fcf94ac0d5d83b51b62144c3c2f5332c4ad3d15e5c2915d937ad6,2026-09-10
A00000130,魔法少女リリカルなのは,,,,,TV,,,,,,,,,,,,,,,,,,,,,,,,,,,,,,,,,,,,,,,,,,,,,,,,,,,,,,,,,,,,,,discovery-key::eaa7bc67134e8345e07d5ae37d68b4be2b65c30d3f3d275e10d7df7b831bac9a,2026-09-10
A00000131,ユア・フォルマ,,,,,TV,,,,,,,,,,,,,,,,,,,,,,,,,,,,,,,,,,,,,,,,,,,,,,,,,,,,,,,,,,,,,,discovery-key::c018373a94ebb9e170030b9a8cb6892c9dc98d5d0213bf73fc2dd4d4833c3b4f,2026-09-10
A00000132,君は放課後インソムニア,,,,,TV,,,,,,,,,,,,,,,,,,,,,,,,,,,,,,,,,,,,,,,,,,,,,,,,,,,,,,,,,,,,,,discovery-key::5590df765fee0a9b1bd99306ce6f6e40ae66b5401cf71dab24b23a53ca32d19c,2026-09-10
A00000133,メジャー,,,,,TV,,,,,,,,,,,,,,,,,,,,,,,,,,,,,,,,,,,,,,,,,,,,,,,,,,,,,,,,,,,,,,discovery-key::54339e5457110ff65913ad2b6f21ba1953f36ce3384979a1521ee6265e27e499,2026-09-10
A00000134,魔法少女にあこがれて,,,,,TV,,,,,,,,,,,,,,,,,,,,,,,,,,,,,,,,,,,,,,,,,,,,,,,,,,,,,,,,,,,,,,discovery-key::5663ce7ae4f7df18995e02c05d57cdb902b7f9278649f66601bdba000ddb5b56,2026-09-10
A00000135,回復術士のやり直し,,,,,TV,,,,,,,,,,,,,,,,,,,,,,,,,,,,,,,,,,,,,,,,,,,,,,,,,,,,,,,,,,,,,,discovery-key::c34513d757371e2602c628bb5a0cf30db1b57a25fbb13060cce051f2a5656337,2026-09-10
A00000136,スキップとローファー,,,,,TV,,,,,,,,,,,,,,,,,,,,,,,,,,,,,,,,,,,,,,,,,,,,,,,,,,,,,,,,,,,,,,discovery-key::a8430176edf228b0939092786d738a613c8c834e915547fcd8b21e514819d67e,2026-09-10
A00000137,魔法科高校の劣等生 第3シーズン,,,,,TV,,,,,,,,,,,,,,,,,,,,,,,,,,,,,,,,,,,,,,,,,,,,,,,,,,,,,,,,,,,,,,discovery-key::0ff74ba74193e137a2d241340487763bd2af6ee5b24ff3dc0aabb2ca22b88139,2026-09-10
A00000138,贄姫と獣の王,,,,,TV,,,,,,,,,,,,,,,,,,,,,,,,,,,,,,,,,,,,,,,,,,,,,,,,,,,,,,,,,,,,,,discovery-key::fe465ef7163d4290f493d75174c6ed717ff3dfc00b067a8641a868179bdffa85,2026-09-10
A00000139,カワイスギクライシス,,,,,TV,,,,,,,,,,,,,,,,,,,,,,,,,,,,,,,,,,,,,,,,,,,,,,,,,,,,,,,,,,,,,,discovery-key::57bd6e78dd482809219097429829cba4b52dfbe87fde775843b7cc1cea1c5d17,2026-09-10
A00000140,勇者が死んだ!,,,,,TV,,,,,,,,,,,,,,,,,,,,,,,,,,,,,,,,,,,,,,,,,,,,,,,,,,,,,,,,,,,,,,discovery-key::ee6fbcba4720f4bf9bd7f03f0d5179eb736bb20460148ab6ae973052fa234db3,2026-09-10
A00000141,らくだい魔女 フウカと闇の魔女,,,,,MOVIE,,,,,,,,,,,,,,,,,,,,,,,,,,,,,,,,,,,,,,,,,,,,,,,,,,,,,,,,,,,,,,discovery-key::11b2f72bcb42259204d72ff1a6a6d766ae85c70c59011381ab8eb35c83033f9b,2026-09-10
A00000142,ダークギャザリング,,,,,TV,,,,,,,,,,,,,,,,,,,,,,,,,,,,,,,,,,,,,,,,,,,,,,,,,,,,,,,,,,,,,,discovery-key::91e4e1033f53bd2cf65da687fdd951bd22d75020773b88b89d6a369cfd70610b,2026-09-10
A00000143,異世界召喚は二度目です,,,,,TV,,,,,,,,,,,,,,,,,,,,,,,,,,,,,,,,,,,,,,,,,,,,,,,,,,,,,,,,,,,,,,discovery-key::344bdecceb964d3258e921c648c34b5755ec059f409f40762dd24143dd034f33,2026-09-10
A00000144,犬になったら好きな人に拾われた。,,,,,TV,,,,,,,,,,,,,,,,,,,,,,,,,,,,,,,,,,,,,,,,,,,,,,,,,,,,,,,,,,,,,,discovery-key::b8119b17d5cdeca4a53757045b54b23fbbd93ed31ebfe42d0e33125e4de2e45d,2026-09-10
A00000145,のんのんびより りぴーと,,,,,TV,,,,,,,,,,,,,,,,,,,,,,,,,,,,,,,,,,,,,,,,,,,,,,,,,,,,,,,,,,,,,,discovery-key::3a153e2605d6805875193dd31f917f79299180e19b7af0258fb8e80a2a6a0aa9,2026-09-10
A00000146,魔弾の王と戦姫,,,,,TV,,,,,,,,,,,,,,,,,,,,,,,,,,,,,,,,,,,,,,,,,,,,,,,,,,,,,,,,,,,,,,discovery-key::76a76220db9916572ef3ee16ab4fd13b38beb47cebcc4d33c605cd5f3c7e8f0f,2026-09-10
A00000147,電脳コイル,,,,,TV,,,,,,,,,,,,,,,,,,,,,,,,,,,,,,,,,,,,,,,,,,,,,,,,,,,,,,,,,,,,,,discovery-key::d16118627acc1e033cf6176288d6b1da46b35e43428064bf64d845c6c5ad3759,2026-09-10
A00000148,幼女戦記II,,,,,TV,,,,,,,,,,,,,,,,,,,,,,,,,,,,,,,,,,,,,,,,,,,,,,,,,,,,,,,,,,,,,,discovery-key::4614b1e8f4697287aa58e2c2e0fdc926715db82a0e573af8faa0c335bc38014f,2026-09-10
A00000149,俺は全てを【パリイ】する ~逆勘違いの世界最強は冒険者になりたい~,,,,,TV,,,,,,,,,,,,,,,,,,,,,,,,,,,,,,,,,,,,,,,,,,,,,,,,,,,,,,,,,,,,,,discovery-key::6e4543ef70d2a58dc3906f983ce3f8b3f6aab1df9e5e1aa608c9e7d0e722c762,2026-09-10
A00000150,カッコウの許嫁,,,,,TV,,,,,,,家族,,,,,,,,,,,,,,,,,,,,,,,,,,,,,,,,,脚本::中西やすひろ 絵コンテ:白幡良志之 演出:熊野千尋 総作画監督:萩原しょう子|脚本::渡辺まゆみ|脚本::槙田一章|脚本::蔡 孟書 作画監督:今野幸一|脚本::林 子皓|脚本::福島豊明|脚本::滝本賢児|脚本::吉田 肇|脚本::ふたふさ|脚本::黒崎知栄実|脚本::飛鴻動畫|脚本::何映潭|脚本::ToJ|脚本::中西やすひろ 絵コンテ:松井ひとゆき 演出:山内東生雄 総作画監督:萩原しょう子|脚本::和田 薫 作画監督:酒井KEI|脚本::服部憲和|脚本::韓 承熙|脚本::真壁智之|脚本::松井芳彦|脚本::Ani-G|脚本::中西やすひろ 絵コンテ:杉島邦久 演出:奥村よしあき 総作画監督:萩原しょう子|脚本::蔡 孟書 作画監督:滝本賢児|脚本::今野幸一|脚本::大野 勉|脚本::程方舟|脚本::株式会社ユニゾン|脚本::山村俊了|脚本::中西やすひろ 絵コンテ:西田健一 演出:鈴木孝聡 総作画監督:蔡 孟書|脚本::萩原しょう子|脚本::槙田一章 作画監督:林 子皓|脚本::島崎知美|脚本::無錫櫻花卡通有限公司|脚本::中西やすひろ 絵コンテ:板井寛樹 演出:斉藤秀二 総作画監督:渡辺まゆみ|脚本::鄭 叡興 作画監督:渡辺まゆみ|脚本::鄭 叡興|脚本::しんや|脚本::中西やすひろ 絵コンテ・演出:長岡義孝 総作画監督:萩原しょう子|脚本::渡辺まゆみ 作画監督:今野幸一|脚本::江崎 稔|脚本::小澤和則|脚本::趙 小川|脚本::王 敏|脚本::陳 玲玲|脚本::姜 海華|脚本::ワン・オーダー|脚本::中西やすひろ 絵コンテ:杉島邦久 演出:沼山茉由 総作画監督:萩原しょう子|脚本::槙田一章 作画監督:大豆一博|脚本::中西やすひろ 絵コンテ・演出:白幡良志之 総作画監督:槙田一章|脚本::瀧澤茉夕|作画監督::渡辺まゆみ|作画監督::鄭 叡興|作画監督::林 子皓|作画監督::しんや|作画監督::黒崎知栄実,,OP::カッコウの許嫁::::::::,ED::カッコウの許嫁::::::::,,,,,,,,,,,,,,,https://cuckoos-anime.com/season1/,https://twitter.com/cuckoo_anime,,,discovery-key::cdc7968f27fca1a14630ce1ae1660ea2f33dce99d198dd8e94a13dfc7a68edf1,2026-09-10
A00000151,ゆるキャン△,,,,,TV,,,,,,,,,,,,,,,,,,,,,,,,,,,,,,,,,,,,,,,,,,,,,,,,,,,,,,,,,,,,,,discovery-key::8bb6f8bd73aa22f26f751204942231586fe9d4766f861e5139161a7c9a9298a7,2026-09-10
A00000152,スライム倒して300年、知らないうちにレベルMAXになってました,,,,,TV,,,,,,,,,,,,,,,,,,,,,,,,,,,,,,,,,,,,,,,,,,,,,,,,,,,,,,,,,,,,,,discovery-key::f146b63ac92de9caaa93ecbfe6f0c3ffb260e040b0c9aa8dd0d66356c1186a3c,2026-09-10
A00000153,グリッドマン ユニバース,,,,,MOVIE,,,,,,,,,,,,,,,,,,,,,,,,,,,,,,,,,,,,,,,,,,,,,,,,,,,,,,,,,,,,,,discovery-key::caf71070f002b5c6af0de45606b51f987a93ba8b20ebe8589df3ebdfe5839251,2026-09-10
A00000154,じいさんばあさん若返る,,,,,TV,,,,,,,,,,,,,,,,,,,,,,,,,,,,,,,,,,,,,,,,,,,,,,,,,,,,,,,,,,,,,,discovery-key::f55653ed4d7801139c29093e95e0bad7b1a13aa628580f822e4c5020bc1b154d,2026-09-10
A00000155,聖剣学院の魔剣使い,,,,,TV,,,,,,,,,,,,,,,,,,,,,,,,,,,,,,,,,,,,,,,,,,,,,,,,,,,,,,,,,,,,,,discovery-key::0ac5d6ea033b807d710ad97662e48e729659c94e3727a3ae462d3fa3225bb8f9,2026-09-10
A00000156,このヒーラー、めんどくさい,,,,,TV,,,,,,,,,,,,,,,,,,,,,,,,,,,,,,,,,,,,,,,,,,,,,,,,,,,,,,,,,,,,,,discovery-key::6c0b71cf58f81edad096c750211434129ef3f9b4b331389fbe390f7c9aa321a2,2026-09-10
A00000157,涼宮ハルヒの憂鬱,,,,,TV,,,,,,,,,,,,,,,,,,,,,,,,,,,,,,,,,,,,,,,,,,,,,,,,,,,,,,,,,,,,,,discovery-key::0858ff480746633a8a9b8dfa74bf678fc4cb0a60b57cd5f382c066c9a4f1e73c,2026-09-10
A00000158,機動戦士ガンダム 閃光のハサウェイ,,,,,MOVIE,,,,,,,,,,,,,,,,,,,,,,,,,,,,,,,,,,,,,,,,,,,,,,,,,,,,,,,,,,,,,,discovery-key::a556f6af06c5ba1d1bb0c6070820b9522531d2618e5ae10c8e491e49d32d4623,2026-09-10
A00000159,ダンジョン飯,,,,,TV,,,,,,,,,,,,,,,,,,,,,,,,,,,,,,,,,,,,,,,,,,,,,,,,,,,,,,,,,,,,,,discovery-key::a63749a02ea1af865b059cbe9d2acf45cf8a8f9c1c6bbb05476ad4e5c370a57f,2026-09-10
A00000160,異世界はスマートフォンとともに。2,,,,,TV,,,,,,,,,,,,,,,,,,,,,,,,,,,,,,,,,,,,,,,,,,,,,,,,,,,,,,,,,,,,,,discovery-key::90b81fe26c097f344921be9a1bea776b85ea3c259441c3474fcf0f2cc182b1cd,2026-09-10
A00000161,結婚指輪物語,,,,,TV,,,,,,,,,,,,,,,,,,,,,,,,,,,,,,,,,,,,,,,,,,,,,,,,,,,,,,,,,,,,,,discovery-key::dcea0063ccff5bf6c32921ce2994242dbab22d042681c90805665622f812d828,2026-09-10
A00000162,星降る王国のニナ,,,,,TV,,,,,,,,,,,,,,,,,,,,,,,,,,,,,,,,,,,,,,,,,,,,,,,,,,,,,,,,,,,,,,discovery-key::857fad71e9c632f98ec15be624c7202b50ee6fc872f98d76d5f139f57dd04717,2026-09-10
A00000163,絆のアリル,,,,,TV,,,,,,,,,,,,,,,,,,,,,,,,,,,,,,,,,,,,,,,,,,,,,,,,,,,,,,,,,,,,,,discovery-key::c59ce07efee7f89695f87424dc1772428fc0dc92cbc19fd40ecc7adf84dff7e6,2026-09-10
A00000164,星屑テレパス,,,,,TV,,,,,,,,,,,,,,,,,,,,,,,,,,,,,,,,,,,,,,,,,,,,,,,,,,,,,,,,,,,,,,discovery-key::66936304d6f4c5fd09ab2590a96a9b4453f41fd5e2cb8056a5274f1acaf93c91,2026-09-10
A00000165,アイドルマスター ミリオンライブ!,,,,,TV,,,,,,,,,,,,,,,,,,,,,,,,,,,,,,,,,,,,,,,,,,,,,,,,,,,,,,,,,,,,,,discovery-key::4e85324c1c1913cd2eb02e597bec4eda1c8141f0e5438bcc8cd25ab34ba01b56,2026-09-10
A00000166,盾の勇者の成り上がり Season3,,,,,TV,,,,,,,,,,,,,,,,,,,,,,,,,,,,,,,,,,,,,,,,,,,,,,,,,,,,,,,,,,,,,,discovery-key::7a207194df0590217e32294d6ef4f632b3aeeae39b5f86f92f9182b0f6421815,2026-09-10
A00000167,もういっぽん!,,,,,TV,,,,,,,,,,,,,,,,,,,,,,,,,,,,,,,,,,,,,,,,,,,,,,,,,,,,,,,,,,,,,,discovery-key::f959ccb9c5151ef8aab59779083231eaa7c19936952f39bc99aec276a695c447,2026-09-10
A00000168,百千さん家のあやかし王子,,,,,TV,,,,,,,,,,,,,,,,,,,,,,,,,,,,,,,,,,,,,,,,,,,,,,,,,,,,,,,,,,,,,,discovery-key::f63da56e642eb707c456f190257b65a45da2aa25a688b9bc4d69c122ebafd1fc,2026-09-10
A00000169,わたしの幸せな結婚,,,,,TV,,,,,,,,,,,,,,,,,,,,,,,,,,,,,,,,,,,,,,,,,,,,,,,,,,,,,,,,,,,,,,discovery-key::a889b3b77e8a7b57be8b38e1ddd1b1e869eaa715a4944f60add7ebc5521b894e,2026-09-10
A00000170,メタリックルージュ,,,,,TV,,,,,,,,,,,,,,,,,,,,,,,,,,,,,,,,,,,,,,,,,,,,,,,,,,,,,,,,,,,,,,discovery-key::2b81068a40711ac5ddb13c6dcfc5f0e36f08cbe3fb412f7b0c32148a577ce2b9,2026-09-10
A00000171,月刊モー想科学,,,,,TV,,,,,,,,,,,,,,,,,,,,,,,,,,,,,,,,,,,,,,,,,,,,,,,,,,,,,,,,,,,,,,discovery-key::bfd91ebb236bb6e6c337b7087013fe8f76a2b5cc7839d049a652eba5502cc325,2026-09-10
A00000172,経験済みなキミと、経験ゼロなオレが、お付き合いする話。,,,,,TV,,,,,,,,,,,,,,,,,,,,,,,,,,,,,,,,,,,,,,,,,,,,,,,,,,,,,,,,,,,,,,discovery-key::9b2fc15435a8ecb1a01bfdff18189e36b3b6181a4afc9cebb333bccafbb525be,2026-09-10
A00000173,ニンジャスレイヤー,,,,,ONA,,,,,,,,,,,,,,,,,,,,,,,,,,,,,,,,,,,,,,,,,,,,,,,,,,,,,,,,,,,,,,discovery-key::9663c8a3e2d8c986f338ff6615b09657fd9878f1145665887c35665c2a0a1797,2026-09-10
A00000174,涼宮ハルヒの消失,,,,,MOVIE,,,,,,,,,,,,,,,,,,,,,,,,,,,,,,,,,,,,,,,,,,,,,,,,,,,,,,,,,,,,,,discovery-key::69a9f0c95f724123dcb938fe2fa30915d0f2b464d20a1c334a8ede27881cf1c0,2026-09-10
A00000175,夜のクラゲは泳げない,,,,,TV,,,,,,,,,,,,,,,,,,,,,,,,,,,,,,,,,,,,,,,,,,,,,,,,,,,,,,,,,,,,,,discovery-key::2ffd7b0472fb51eb4b7bc1845853ff0cd14c89d9d1c470cb39950014ce879dca,2026-09-10
A00000176,放課後のブレス,,,,,ONA,,,,,,,,,,,,,,,,,,,,,,,,,,,,,,,,,,,,,,,,,,,,,,,,,,,,,,,,,,,,,,discovery-key::960cb57a5b38042088f3404db199e0e3afb169fe53210f5fb3a54b6bcef4be98,2026-09-10
A00000177,TIGER & BUNNY,,,,,TV,,,,,,,,,,,,,,,,,,,,,,,,,,,,,,,,,,,,,,,,,,,,,,,,,,,,,,,,,,,,,,discovery-key::860d37e4085a1a6b0e79c4dde974953081b4da6a11e9fd6487519697e3007063,2026-09-10
A00000178,変人のサラダボウル,,,,,TV,,,,,,,,,,,,,,,,,,,,,,,,,,,,,,,,,,,,,,,,,,,,,,,,,,,,,,,,,,,,,,discovery-key::0bf5c34d3ff3718d52f8c182d670778c4a45fc2ff4e6793d7e8022ac1b190c7a,2026-09-10
A00000179,転生したらスライムだった件 第3期,,,,,TV,,,,,,,,,,,,,,,,,,,,,,,,,,,,,,,,,,,,,,,,,,,,,,,,,,,,,,,,,,,,,,discovery-key::46555adbacf93ae8d6f174f12c416fbc4a7a6f8bf7da55fd75b677de4470d42a,2026-09-10
A00000180,ピーター・グリルと賢者の時間,,,,,TV,,,,,,,,,,,,,,,,,,,,,,,,,,,,,,,,,,,,,,,,,,,,,,,,,,,,,,,,,,,,,,discovery-key::3817b5a3fc247b9d1e6c456796c45603496b25b135eb43a212296a2e311cd307,2026-09-10
A00000181,アンジュ・ヴィエルジュ,,,,,TV,,,,,,,,,,,,,,,,,,,,,,,,,,,,,,,,,,,,,,,,,,,,,,,,,,,,,,,,,,,,,,discovery-key::4a47cdd682ad80b384278e56ece0aa79130c005267d7f193dd8629330985d2f4,2026-09-10
A00000182,聖剣使いの禁呪詠唱,,,,,TV,,,,,,,,,,,,,,,,,,,,,,,,,,,,,,,,,,,,,,,,,,,,,,,,,,,,,,,,,,,,,,discovery-key::104941e5367136c65d94c34f38239bbe176acdbc86f7d1dcaee35faea73c41fa,2026-09-10
A00000183,狼と香辛料 MERCHANT MEETS THE WISE WOLF,,,,,TV,,,,,,,,,,,,,,,,,,,,,,,,,,,,,,,,,,,,,,,,,,,,,,,,,,,,,,,,,,,,,,discovery-key::43d104b9d9c66eb8dbc3f26ff67ae45e69820d62a962b3fa796bcb043f67545d,2026-09-10
A00000184,黒子のバスケ,,,,,TV,,,,,,,,,,,,,,,,,,,,,,,,,,,,,,,,,,,,,,,,,,,,,,,,,,,,,,,,,,,,,,discovery-key::eefeb12745b94ab47a466e1b86346aad8d4b2eb5f3555fa1d0a9ad63a69b2821,2026-09-10
A00000185,百姓貴族,,,,,TV,,,,,,,,,,,,,,,,,,,,,,,,,,,,,,,,,,,,,,,,,,,,,,,,,,,,,,,,,,,,,,discovery-key::1200263b58688b59e9e87d433d80605fcb4dcbba25b949eef5b0a28b855024fb,2026-09-10
A00000186,純潔のマリア,,,,,TV,,,,,,,,,,,,,,,,,,,,,,,,,,,,,,,,,,,,,,,,,,,,,,,,,,,,,,,,,,,,,,discovery-key::966efc4b1263ceb303ce8d9dd1b629b08a5e371949b80ab75f6c2cf68439b694,2026-09-10
A00000187,タッチ,,,,,TV,,,,,,,,,,,,,,,,,,,,,,,,,,,,,,,,,,,,,,,,,,,,,,,,,,,,,,,,,,,,,,discovery-key::c0a7ca5308a069d05162d1c6522a0d8e9606570ce3d343334c293d824cb86bc3,2026-09-10
A00000188,あしたのジョー2,,,,,TV,,,,,,,,,,,,,,,,,,,,,,,,,,,,,,,,,,,,,,,,,,,,,,,,,,,,,,,,,,,,,,discovery-key::aae34d6dc21156f930f9067d1fbe64f00edcf00d8329046621ccc67ca96b26fa,2026-09-10
A00000189,小市民シリーズ,,,,,TV,,,,,,,,,,,,,,,,,,,,,,,,,,,,,,,,,,,,,,,,,,,,,,,,,,,,,,,,,,,,,,discovery-key::b4f1f31a42043089a2303311160a479b0f7841e42322af56e7a4b312cb9c0fbf,2026-09-10
A00000190,ぬきたし THE ANIMATION,,,,,TV,,,,,,,,,,,,,,,,,,,,,,,,,,,,,,,,,,,,,,,,,,,,,,,,,,,,,,,,,,,,,,discovery-key::58706f98611f6883df8e72cc5267dae3d11502a2613cdf6d5b635cd369c43a4b,2026-09-10
A00000191,スナックバス江,,,,,TV,,,,,,,,,,,,,,,,,,,,,,,,,,,,,,,,,,,,,,,,,,,,,,,,,,,,,,,,,,,,,,discovery-key::c523c5a44d57b99f08bc118a2879d68fe2e8643ab71938f5a16d35cf8144e04d,2026-09-10
A00000192,ハズレ枠の【状態異常スキル】で最強になった俺がすべてを蹂躙するまで,,,,,TV,,,,,,,,,,,,,,,,,,,,,,,,,,,,,,,,,,,,,,,,,,,,,,,,,,,,,,,,,,,,,,discovery-key::f965cf6b09e053b2b61ef49dcbec67ecb790f5c838aa410f20764357ae0c3044,2026-09-10
A00000193,ひとりぼっちの異世界攻略,,,,,TV,,,,,,,,,,,,,,,,,,,,,,,,,,,,,,,,,,,,,,,,,,,,,,,,,,,,,,,,,,,,,,discovery-key::c4d6b3bbe36757820d872d106c34bfb64b6070c173f92ea06ed6e2b64525a1f0,2026-09-10
A00000194,多数欠,,,,,TV,,,,,,,,,,,,,,,,,,,,,,,,,,,,,,,,,,,,,,,,,,,,,,,,,,,,,,,,,,,,,,discovery-key::017c5e30bdbf1d5a3d1521333ca49f4106f439565dc673c372c21c6369342eef,2026-09-10
A00000195,エルフさんは痩せられない。,,,,,TV,,,,,,,,,,,,,,,,,,,,,,,,,,,,,,,,,,,,,,,,,,,,,,,,,,,,,,,,,,,,,,discovery-key::c0349642f06bbcec22435c4f57a064bc9db1d97390174cb1e515c848549ca49f,2026-09-10
A00000196,ニートくノ一となぜか同棲はじめました,,,,,TV,,,,,,,,,,,,,,,,,,,,,,,,,,,,,,,,,,,,,,,,,,,,,,,,,,,,,,,,,,,,,,discovery-key::deb97cbcaaeffd273a5e025691f531157de729f2e087de2e90c99a1940696428,2026-09-10
A00000197,神椿市建設中。,,,,,TV,,,,,,,,,,,,,,,,,,,,,,,,,,,,,,,,,,,,,,,,,,,,,,,,,,,,,,,,,,,,,,discovery-key::e97754c626e6dd13ce83d5301de47510ddd1a32920f73eb4cb30d0a17e167fd5,2026-09-10
A00000198,ハイスクールD×D,,,,,TV,,,,,,,,,,,,,,,,,,,,,,,,,,,,,,,,,,,,,,,,,,,,,,,,,,,,,,,,,,,,,,discovery-key::09d13b418468add73e5d99fc58cee225fe7bf669f42106adf06af0cc7693142d,2026-09-10
A00000199,ゾンビのあふれた世界で俺だけが襲われない,,,,,TV,,,,,,,,,,,,,,,,,,,,,,,,,,,,,,,,,,,,,,,,,,,,,,,,,,,,,,,,,,,,,,discovery-key::8e1a04d7c86732c2503e1f9760b78e79f593423964408e6a69700d604b9a3004,2026-09-10
A00000200,ぷにるはかわいいスライム,,,,,TV,,,,,,,,,,,,,,,,,,,,,,,,,,,,,,,,,,,,,,,,,,,,,,,,,,,,,,,,,,,,,,discovery-key::d7acb9dc5bb284ec1d7e142748dbe94d1755007abfe73ec5b9d745ce46967579,2026-09-10
A00000201,劇場版「チェンソーマン レゼ篇」,,,,,MOVIE,,,,,,,,,,,,,,,,,,,,,,,,,,,,,,,,,,,,,,,,,,,,,,,,,,,2025-09-19,,,,,,,,,,,discovery-key::3fa272f64ad0ade5c2d51dfff4f79d316f419c285ebb8342f035f887915442ed,2026-09-10
A00000202,citrus,,,,,TV,,,,,,,,,,,,,,,,,,,,,,,,,,,,,,,,,,,,,,,,,,,,,,,,,,,,,,,,,,,,,,discovery-key::9738eaf312d761a8ae49f777128dd19f894ee7b03d7b1d2fc04e890d6888f014,2026-09-10
A00000203,ガールズバンドクライ,,,,,TV,,,,,,,,,,,,,,,,,,,,,,,,,,,,,,,,,,,,,,,,,,,,,,,,,,,,,,,,,,,,,,discovery-key::37e1134e2e801ad6b17e9f6e3098ae957080312fa757cb939245dea5adf0a234,2026-09-10
A00000204,名探偵コナン vs. 怪盗キッド,,,,,MOVIE,,,,,,,,,,,,,,,,,,,,,,,,,,,,,,,,,,,,,,,,,,,,,,,,,,,2024-01-05,,,,,,,,,,,discovery-key::900fd337a96c7a87ab45ef253091b93e66786d855c9f179c6c7ffcf005491e31,2026-09-10
A00000205,君は冥土様。,,,,,TV,,,,,,,,,,,,,,,,,,,,,,,,,,,,,,,,,,,,,,,,,,,,,,,,,,,,,,,,,,,,,,discovery-key::a041c46e6b6dce37031282912df5acafa12b50c2028ab11c89fcb7fc374d6319,2026-09-10
A00000206,わんだふるぷりきゅあ!,,,,,TV,,,,,,,,,,,,,,,,,,,,,,,,,,,,,,,,,,,,,,,,,,,,,,,,,,,,,,,,,,,,,,discovery-key::3149b5482681a45ac66ed88d80e69e8d6579d9bd6dd6c448f09b3862d1d6b89a,2026-09-10
A00000207,笑顔のたえない職場です。,,,,,TV,,,,,,,,,,,,,,,,,,,,,,,,,,,,,,,,,,,,,,,,,,,,,,,,,,,,,,,,,,,,,,discovery-key::24298f5050c1555e3757c168d8825d986645544f6cf401441e6b2481d66862c4,2026-09-10
A00000208,魔王軍最強の魔術師は人間だった,,,,,TV,,,,,,,,,,,,,,,,,,,,,,,,,,,,,,,,,,,,,,,,,,,,,,,,,,,,,,,,,,,,,,discovery-key::e6706f8b41c46061e2f71ad84c49d0097feec91ec6cd5b6c83fb0fdb6352f3a7,2026-09-10
A00000209,劇場版シティーハンター 天使の涙(エンジェルダスト),,,,,MOVIE,,,,,,,,,,,,,,,,,,,,,,,,,,,,,,,,,,,,,,,,,,,,,,,,,,,,,,,,,,,,,,discovery-key::89ab74a3b57a526ebf9bd4953ac2ace0544c122978756e05a58f7d9e07f70923,2026-09-10
A00000210,私がモテてどうすんだ,,,,,TV,,,,,,,,,,,,,,,,,,,,,,,,,,,,,,,,,,,,,,,,,,,,,,,,,,,,,,,,,,,,,,discovery-key::3758399ab32ec2316c4528c96f9968256379e3f32963d70a6583f53d9a43ba30,2026-09-10
A00000211,パーティーから追放されたその治癒師、実は最強につき,,,,,TV,,,,,,,,,,,,,,,,,,,,,,,,,,,,,,,,,,,,,,,,,,,,,,,,,,,,,,,,,,,,,,discovery-key::dd22705c7b7e89defb91efa01d1f5bb14fa5465b6021538754e6b104fd792a76,2026-09-10
A00000212,僕のヒーローアカデミア THE MOVIE ユアネクスト,,,,,MOVIE,,,,,,,,,,,,,,,,,,,,,,,,,,,,,,,,,,,,,,,,,,,,,,,,,,,2024-08-02,,,,,,,,,,,discovery-key::0c8bb93129ee8765cd9e6ae53bc80e81e1560ecaaad20448404f7f8adad4de22,2026-09-10
A00000213,通常攻撃が全体攻撃で二回攻撃のお母さんは好きですか?,,,,,TV,,,,,,,,,,,,,,,,,,,,,,,,,,,,,,,,,,,,,,,,,,,,,,,,,,,,,,,,,,,,,,discovery-key::b88684e11b332f1227c80b63a6c44f35f819416908d5455736a71f906aff7dd2,2026-09-10
A00000214,のうりん,,,,,TV,,,,,,,,,,,,,,,,,,,,,,,,,,,,,,,,,,,,,,,,,,,,,,,,,,,,,,,,,,,,,,discovery-key::e6360be209b8210b805d21ef3a5e06f147909fdeba776f0e5b09ad95535999b7,2026-09-10
A00000215,赤胴鈴之助,,,,,TV,,,,,,,,,,,,,,,,,,,,,,,,,,,,,,,,,,,,,,,,,,,,,,,,,,,,,,,,,,,,,,discovery-key::d5ea6f831d0c2a7c8b7e829ce08ef7246d5c74237f08ad9ac9c68eebbc95f062,2026-09-10
A00000216,異修羅 第2期,,,,,TV,,,,,,,,,,,,,,,,,,,,,,,,,,,,,,,,,,,,,,,,,,,,,,,,,,,,,,,,,,,,,,discovery-key::9f43630ab7dfa857c55f14148ca5cd712672f7cf44b25fe7a2a63290c9d10b6c,2026-09-10
A00000217,鬼滅の刃 柱稽古編,,,,,TV,,,,,,,,,,,,,,,,,,,,,,,,,,,,,,,,,,,,,,,,,,,,,,,,,,,,,,,,,,,,,,discovery-key::6554287591500e9570e6b656cec6c224a95dd6e34e3030dd9f8ced59e6c291cf,2026-09-10
A00000218,ニャイト・オブ・ザ・リビングキャット,,,,,TV,,,,,,,,,,,,,,,,,,,,,,,,,,,,,,,,,,,,,,,,,,,,,,,,,,,,,,,,,,,,,,discovery-key::b96363290f33186539bd69ee7e17ee08af241c943b202b040879cc0af4f041e9,2026-09-10
A00000219,星空へ架かる橋,,,,,TV,,,,,,,,,,,,,,,,,,,,,,,,,,,,,,,,,,,,,,,,,,,,,,,,,,,,,,,,,,,,,,discovery-key::0b1961a91fec707b2631aa8afbfaf449ed3ba13367862080ce0d8185392609a5,2026-09-10
A00000220,転生悪女の黒歴史,,,,,TV,,,,,,,,,,,,,,,,,,,,,,,,,,,,,,,,,,,,,,,,,,,,,,,,,,,,,,,,,,,,,,discovery-key::f3db865619660a7f60bbdf184348a68df6a4238a374c54a85fa22baeb0749d08,2026-09-10
A00000221,Free!,,,,,TV,,,,,,,,,,,,,,,,,,,,,,,,,,,,,,,,,,,,,,,,,,,,,,,,,,,,,,,,,,,,,,discovery-key::ad95d5fa651ba86d8923fe1238d24a4f1988a752acfe426ac72ac7c04471bc17,2026-09-10
A00000222,嘆きの亡霊は引退したい,,,,,TV,,,,,,,,,,,,,,,,,,,,,,,,,,,,,,,,,,,,,,,,,,,,,,,,,,,,,,,,,,,,,,discovery-key::9bdf28eeb983e59c01609f8520e284f7892966eb44df219fd6ef01964d278f8d,2026-09-10
A00000223,ステラ女学院高等科C3部,,,,,TV,,,,,,,,,,,,,,,,,,,,,,,,,,,,,,,,,,,,,,,,,,,,,,,,,,,,,,,,,,,,,,discovery-key::d76a691cdd234efc14d2cea23741cdaeef4e17f34945e8ef0361224b5cfcd2fb,2026-09-10
A00000224,どうせ、恋してしまうんだ。,,,,,TV,,,,,,,,,,,,,,,,,,,,,,,,,,,,,,,,,,,,,,,,,,,,,,,,,,,,,,,,,,,,,,discovery-key::40f0476a6d2478cbdd3579ab1caf1d86c5614fc66359b99412f2a48d9bcc3d98,2026-09-10
A00000225,ハニーレモンソーダ,,,,,TV,,,,,,,,,,,,,,,,,,,,,,,,,,,,,,,,,,,,,,,,,,,,,,,,,,,,,,,,,,,,,,discovery-key::7e209e09dc8a138b008f64654d4f64f2b343e238dc8b75dc2cb858483519ea4d,2026-09-10
A00000226,ゼーガペインADP,,,,,MOVIE,,,,,,,,,,,,,,,,,,,,,,,,,,,,,,,,,,,,,,,,,,,,,,,,,,,2016-10-15,,,,,,,,,,,discovery-key::89c3abb0adfac37595cc56e60da400ef0641118bd5aa3eb6f8fd762683c00f5d,2026-09-10
A00000227,ゼーガペインSTA,,,,,MOVIE,,,,,,,,,,,,,,,,,,,,,,,,,,,,,,,,,,,,,,,,,,,,,,,,,,,,,,,,,,,,,,discovery-key::a32aa315cc15b31e36d426f08dcc162133e793b7a6380d0262f4baa564b13e41,2026-09-10
A00000228,リトルバスターズ!EX,,,,,OVA,,,,,,,,,,,,,,,,,,,,,,,,,,,,,,,,,,,,,,,,,,,,,,,,,,,,,,,,,,,,,,discovery-key::6f14682df5cbcab13c442658e349f60be5da88b6deb75cf8bf2cedb44cbc4dcd,2026-09-10
A00000229,天穂のサクナヒメ,,,,,TV,,,,,,,,,,,,,,,,,,,,,,,,,,,,,,,,,,,,,,,,,,,,,,,,,,,,,,,,,,,,,,discovery-key::4eac3d4eda75717cfa376c0bdf289e98abc955de0097c05bdf1139f0443a5dc3,2026-09-10
A00000230,全修。,,,,,TV,,,,,,,,,,,,,,,,,,,,,,,,,,,,,,,,,,,,,,,,,,,,,,,,,,,,,,,,,,,,,,discovery-key::a5b21da42da1b459b5a72b78a7f2e5a497df036f77d19537d4070c62d5f8f0f3,2026-09-10
A00000231,天久鷹央の推理カルテ,,,,,TV,,,,,,,,,,,,,,,,,,,,,,,,,,,,,,,,,,,,,,,,,,,,,,,,,,,,,,,,,,,,,,discovery-key::67e3d11868a7ee98fcd731a744bb7121390ac4ddc59f1e2bb2903a41daacc5ed,2026-09-10
A00000232,神統記,,,,,TV,,,,,,,,,,,,,,,,,,,,,,,,,,,,,,,,,,,,,,,,,,,,,,,,,,,,,,,,,,,,,,discovery-key::c4de2dc60e4a6ef54e1bd715d8d2c9a6c67a4ac99fee5e5a674e9f8a951399cc,2026-09-10
A00000233,ただいま、おかえり,,,,,TV,,,,,,,,,,,,,,,,,,,,,,,,,,,,,,,,,,,,,,,,,,,,,,,,,,,,,,,,,,,,,,discovery-key::7e180a8e4afb3da96e93cf8c09d5ae93b7cde7bc56d362bf2c304688dba4643a,2026-09-10
A00000234,俺たちに翼はない,,,,,TV,,,,,,,,,,,,,,,,,,,,,,,,,,,,,,,,,,,,,,,,,,,,,,,,,,,,,,,,,,,,,,discovery-key::cee025ea459526a2ca72a142d6bf77d617f0503a68b0d2a517b46e0aa8a0794e,2026-09-10
A00000235,淡島百景,,,,,TV,,,,,,,,,,,,,,,,,,,,,,,,,,,,,,,,,,,,,,,,,,,,,,,,,,,,,,,,,,,,,,discovery-key::6b412bbdf76dfeceafb5239b063b92d5dc58dd5d084ff42a27cb85c039f13dae,2026-09-10
A00000236,ダーウィン事変,,,,,TV,,,,,,,,,,,,,,,,,,,,,,,,,,,,,,,,,,,,,,,,,,,,,,,,,,,,,,,,,,,,,,discovery-key::7488a7b9b9200439cca57c9b80496eda19adcc9a35fed9820d8ef00f44b8621b,2026-09-10
A00000237,魔法の姉妹ルルットリリィ,,,,,TV,,,,,,,,,,,,,,,,,,,,,,,,,,,,,,,,,,,,,,,,,,,,,,,,,,,,,,,,,,,,,,discovery-key::b9dd1da8d2fd0339ed47f4aa8a789dc0875b651a592c1cfd3e0244bc5d00b399,2026-09-10
A00000238,SAKAMOTO DAYS,,,,,TV,,,,,,,,,,,,,,,,,,,,,,,,,,,,,,,,,,,,,,,,,,,,,,,,,,,,,,,,,,,,,,discovery-key::766d79a388fad507115057a5447e6cfcfca6734772582fb891b0b2af9e4853dd,2026-09-10
A00000239,けものフレンズ,,,,,TV,,,,,,,,,,,,,,,,,,,,,,,,,,,,,,,,,,,,,,,,,,,,,,,,,,,,,,,,,,,,,,discovery-key::bab7c552ce42d252c2b9184b4db328b78eceb3d9db3ab2305ed92a79990d8630,2026-09-10
A00000240,リィンカーネーションの花弁,,,,,TV,,,,,,,,,,,,,,,,,,,,,,,,,,,,,,,,,,,,,,,,,,,,,,,,,,,,,,,,,,,,,,discovery-key::a6954c9796d4393dc951614362d763d5449ba325563305c156116311dddc634c,2026-09-10
A00000241,クラスの大嫌いな女子と結婚することになった。,,,,,TV,,,,,,,,,,,,,,,,,,,,,,,,,,,,,,,,,,,,,,,,,,,,,,,,,,,,,,,,,,,,,,discovery-key::05b4fba3a56888d25ea5ac0d0befb8f25b5dac414fa48270d7a179a330d706b0,2026-09-10
A00000242,クジマ歌えば家ほろろ,,,,,TV,,,,,,,,,,,,,,,,,,,,,,,,,,,,,,,,,,,,,,,,,,,,,,,,,,,,,,,,,,,,,,discovery-key::2c0dcbbd974ae1cdede3d3e3bfe6995ac576058555da6c3e999961b36df83720,2026-09-10
A00000243,帝乃三姉妹は案外、チョロい。,,,,,TV,,,,,,,,,,,,,,,,,,,,,,,,,,,,,,,,,,,,,,,,,,,,,,,,,,,,,,,,,,,,,,discovery-key::061e2cc9d4a444e16af45fe19ceea148f6cd0db7d0db138d743b731eb786d579,2026-09-10
A00000244,可愛いだけじゃない式守さん,,,,,TV,,,,,,,,,,,,,,,,,,,,,,,,,,,,,,,,,,,,,,,,,,,,,,,,,,,,,,,,,,,,,,discovery-key::5f853be5c1c7b9f98ab3eaeb399ed3f3a1903ed6f25fa94fedff78a38ff58995,2026-09-10
A00000245,プリンセッション・オーケストラ,,,,,TV,,,,,,,,,,,,,,,,,,,,,,,,,,,,,,,,,,,,,,,,,,,,,,,,,,,,,,,,,,,,,,discovery-key::e021ee7057e1d72319a3ebf4568daabb4687c749cc7fe87f4f2b5c8280cab54f,2026-09-10
A00000246,黒岩メダカに私の可愛いが通じない,,,,,TV,,,,,,,,,,,,,,,,,,,,,,,,,,,,,,,,,,,,,,,,,,,,,,,,,,,,,,,,,,,,,,discovery-key::4ffd5fc3c93fbb6be659905ab135a77e8af82528707d68086815d42e6ffe99ac,2026-09-10
A00000247,ニンジャバットマン対ヤクザリーグ,,,,,MOVIE,,,,,,,,,,,,,,,,,,,,,,,,,,,,,,,,,,,,,,,,,,,,,,,,,,,,,,,,,,,,,,discovery-key::6c7f9bb9d174633b85df6c797b2ab61df18820e6f2086dd53b3e9a046a4ceabc,2026-09-10
A00000248,阿波連さんははかれない season2,,,,,TV,,,,,,,,,,,,,,,,,,,,,,,,,,,,,,,,,,,,,,,,,,,,,,,,,,,,,,,,,,,,,,discovery-key::a213310d3b4fab0b95be341f25983b113ee1050448a7a786cd21c33437df3ce7,2026-09-10
A00000249,白豚貴族ですが前世の記憶が生えたのでひよこな弟育てます,,,,,TV,,,,,,,,,,,,,,,,,,,,,,,,,,,,,,,,,,,,,,,,,,,,,,,,,,,,,,,,,,,,,,discovery-key::9ff1fc2155094b256f85db41245439a47a5abfc7600d59e8a88144c67742eefc,2026-09-10
A00000250,空戦魔導士候補生の教官,,,,,TV,,,,,,,,,,,,,,,,,,,,,,,,,,,,,,,,,,,,,,,,,,,,,,,,,,,,,,,,,,,,,,discovery-key::d1152e910fd6eea86eaf9e28f343779848a88668ee4f5ab10ff7dac92fec3868,2026-09-10
A00000251,クラシック★スターズ,,,,,TV,,,,,,,,,,,,,,,,,,,,,,,,,,,,,,,,,,,,,,,,,,,,,,,,,,,,,,,,,,,,,,discovery-key::e3208f05015240efabef359fabcedb7571f032843ded267dae41d1ba71bb52d8,2026-09-10
A00000252,劇場版 忍たま乱太郎 ドクタケ忍者隊最強の軍師,,,,,MOVIE,,,,,,,,,,,,,,,,,,,,,,,,,,,,,,,,,,,,,,,,,,,,,,,,,,,,,,,,,,,,,,discovery-key::8896b5e73d61990239304632bf9f79822931fefe7aa8b91a6ed086d18ca44832,2026-09-10
A00000253,9-nine- Ruler's Crown,,,,,TV,,,,,,,,,,,,,,,,,,,,,,,,,,,,,,,,,,,,,,,,,,,,,,,,,,,,,,,,,,,,,,discovery-key::d4664494e031c90bcbed148f9bb72ba5fa0fd39f0f3ed6dbf6521935b39854f3,2026-09-10
A00000254,しゅごキャラ!,,,,,TV,,,,,,,,,,,,,,,,,,,,,,,,,,,,,,,,,,,,,,,,,,,,,,,,,,,,,,,,,,,,,,discovery-key::7cf527a904a436cd6e7f438e82efe58653681be132920e1e3b18ba27d0f197ab,2026-09-10
A00000255,ボールルームへようこそ,,,,,TV,,,,,,,,,,,,,,,,,,,,,,,,,,,,,,,,,,,,,,,,,,,,,,,,,,,,,,,,,,,,,,discovery-key::6d472f159afcf4f4ef871165592f604c75e116b147f940c5a2205e5aff4262a0,2026-09-10
A00000256,ある魔女が死ぬまで,,,,,TV,,,,,,,,,,,,,,,,,,,,,,,,,,,,,,,,,,,,,,,,,,,,,,,,,,,,,,,,,,,,,,discovery-key::b27c56977f8bd9eac8acb5f096ad2bdf5c0aa4b98ebf62d33eff97413f5d22ce,2026-09-10
A00000257,劇場版「鬼滅の刃」無限城編,,,,,MOVIE,,,,,,,,,,,,,,,,,,,,,,,,,,,,,,,,,,,,,,,,,,,,,,,,,,,,,,,,,,,,,,discovery-key::199b6797e38caba26ba66f657f17f8559b5bbcd44beaf07b459a434a80a6badc,2026-09-10
A00000258,矢野くんの普通の日々,,,,,TV,,,,,,,,,,,,,,,,,,,,,,,,,,,,,,,,,,,,,,,,,,,,,,,,,,,,,,,,,,,,,,discovery-key::e40285cc7b5d40edb48c53fdc1ab30febc2e965423aac37d32fc5d8746096c57,2026-09-10
A00000259,未確認で進行形,,,,,TV,,,,,,,,,,,,,,,,,,,,,,,,,,,,,,,,,,,,,,,,,,,,,,,,,,,,,,,,,,,,,,discovery-key::af234c39c7926821029ca06daf76b424632c60caa4990f491c5a50d8fe49f3e8,2026-09-10
A00000260,エグミレガシー,,,,,TV,,,,,,,,,,,,,,,,,,,,,,,,,,,,,,,,,,,,,,,,,,,,,,,,,,,,,,,,,,,,,,discovery-key::9aaed969d5e393a81df31e18c9621e266a2b319e9d429185f20566fe13fcbff6,2026-09-10
A00000261,ノブナガ先生の幼な妻,,,,,TV,,,,,,,,,,,,,,,,,,,,,,,,,,,,,,,,,,,,,,,,,,,,,,,,,,,,,,,,,,,,,,discovery-key::19e7fecc31eaf8eff0a641559172c9f23e50c5d9a629dfaebd6cf2de50cc38b7,2026-09-10
A00000262,はんだくん,,,,,TV,,,,,,,,,,,,,,,,,,,,,,,,,,,,,,,,,,,,,,,,,,,,,,,,,,,,,,,,,,,,,,discovery-key::3cab956c95c2c530b3c42506c14afff52570dfe0aeca2b895483db9ca6ff401d,2026-09-10
A00000263,サラリーマンが異世界に行ったら四天王になった話,,,,,TV,,,,,,,,,,,,,,,,,,,,,,,,,,,,,,,,,,,,,,,,,,,,,,,,,,,,,,,,,,,,,,discovery-key::64c8fa8529c56aeca89efd7fa281200238c5b8e342f9583f5ea3d25da7942b86,2026-09-10
A00000264,この会社に好きな人がいます,,,,,TV,,,,,,,,,,,,,,,,,,,,,,,,,,,,,,,,,,,,,,,,,,,,,,,,,,,,,,,,,,,,,,discovery-key::20afbd6f7d3c9055f2b658cc24e4e765c450ab242537d6fb05adeb5bedb69a6e,2026-09-10
A00000265,メジャーセカンド,,,,,TV,,,,,,,,,,,,,,,,,,,,,,,,,,,,,,,,,,,,,,,,,,,,,,,,,,,,,,,,,,,,,,discovery-key::50e015ab8de699c106929ada1101b6420c177b1cb1201be69710325153dfe0fa,2026-09-10
A00000266,劇場版プロジェクトセカイ 壊れたセカイと歌えないミク,,,,,MOVIE,,,,,,,,,,,,,,,,,,,,,,,,,,,,,,,,,,,,,,,,,,,,,,,,,,,,,,,,,,,,,,discovery-key::be034c2a1861b236634c827bbe5af7351c289b2b9fd509cbba9f73e90e5a1245,2026-09-10
A00000267,魔法少女隊アルス,,,,,TV,,,,,,,,,,,,,,,,,,,,,,,,,,,,,,,,,,,,,,,,,,,,,,,,,,,,,,,,,,,,,,discovery-key::be44c8e2bcbb7d50d92f5a552d41408ce2fd406b5678ffeeba3a4a59d20b5fe7,2026-09-10
A00000268,ネガポジアングラー,,,,,TV,,,,,,,,,,,,,,,,,,,,,,,,,,,,,,,,,,,,,,,,,,,,,,,,,,,,,,,,,,,,,,discovery-key::0fcf2a1caaeb02345684a7ce8b40855c1e5146da6e85875dd876e46131f1d066,2026-09-10
A00000269,履いてください、鷹峰さん,,,,,TV,,,,,,,,,,,,,,,,,,,,,,,,,,,,,,,,,,,,,,,,,,,,,,,,,,,,,,,,,,,,,,discovery-key::a27d528fa4d9d7f45090714cfa77cb4715db3703525125f14125519b85f093d9,2026-09-10
A00000270,魔法使いになれなかった女の子の話,,,,,TV,,,,,,,,,,,,,,,,,,,,,,,,,,,,,,,,,,,,,,,,,,,,,,,,,,,,,,,,,,,,,,discovery-key::be2dd56965a7d2d77215dc39193165a166a78ae22135594a14600b455a400ad5,2026-09-10
A00000271,夢中さ、きみに。,,,,,TV,2025-07-24,,,,,,,,,,,,,,,,,,,,,,,,,,,,,,,,,,,,,,,,,,,,,,,,,,,,,,,,,https://karaoke-muchusa.com/muchusa/,https://x.com/karaokemuchusa,,,discovery-key::eecc20ec5e9cb025a6c863b0a3fe85ff8ced9ffa3345c1fa11489029140ed3c3,2026-09-10
A00000272,葬送のフリーレン 第2期,,,,,TV,,,,,,,,,,,,,,,,,,,,,,,,,,,,,,,,,,,,,,,,,,,,,,,,,,,,,,,,,,,,,,discovery-key::36e49d0b57dbab52cfbc8b14f6982d4f3c0c8d929daec3e63d91eccf87f1f318,2026-09-10
A00000273,ゴリラの神から加護された令嬢は王立騎士団で可愛がられる,,,,,TV,,,,,,,,,,,,,,,,,,,,,,,,,,,,,,,,,,,,,,,,,,,,,,,,,,,,,,,,,,,,,,discovery-key::a0f39b311d87024a4f44ac10ec85ff57c7a136f6ae0b0d82234f1e6290ccf9ef,2026-09-10
A00000274,ゲーセン少女と異文化交流,,,,,TV,,,,,,,,,,,,,,,,,,,,,,,,,,,,,,,,,,,,,,,,,,,,,,,,,,,,,,,,,,,,,,discovery-key::c4ef9fc8701617a633666e74deaebda656df46272a51c433c2fc135abf2d7ddc,2026-09-10
A00000275,野生のラスボスが現れた!,,,,,TV,,,,,,,,,,,,,,,,,,,,,,,,,,,,,,,,,,,,,,,,,,,,,,,,,,,,,,,,,,,,,,discovery-key::c4eec3204b3f1ace72d5d29d69be6425dac4038e1fd17375d2f11cdafb5e2868,2026-09-10
A00000276,Aランクパーティを離脱した俺は、元教え子たちと迷宮深部を目指す。,,,,,TV,,,,,,,,,,,,,,,,,,,,,,,,,,,,,,,,,,,,,,,,,,,,,,,,,,,,,,,,,,,,,,discovery-key::150e4c7789023c5f37c51015eeda88ed6ad9df3c04e6478e51674be4f2d8c4f2,2026-09-10
A00000277,映画 先輩はおとこのこ あめのち晴れ,,,,,MOVIE,,,,,,,,,,,,,,,,,,,,,,,,,,,,,,,,,,,,,,,,,,,,,,,,,,,,,,,,,,,,,,discovery-key::df3a31164ed80292b36c499d1c8f2f3c05e490688d0c80f2361ce13fe82595f3,2026-09-10
A00000278,ウィッチウォッチ,,,,,TV,,,,,,,,,,,,,,,,,,,,,,,,,,,,,,,,,,,,,,,,,,,,,,,,,,,,,,,,,,,,,,discovery-key::dc84c1fee8ed93b388855961340d081f1c6b97e8a7277f90587b0788e3ef8ec2,2026-09-10
A00000279,想星のアクエリオン Myth of Emotions,,,,,TV,,,,,,,,,,,,,,,,,,,,,,,,,,,,,,,,,,,,,,,,,,,,,,,,,,,,,,,,,,,,,,discovery-key::920d1030c9e58a23ab53d44c6ac7dd672bc79a4654c0b9c3dd4a35a624834e9b,2026-09-10
A00000280,俺は星間国家の悪徳領主!,,,,,TV,,,,,,,,,,,,,,,,,,,,,,,,,,,,,,,,,,,,,,,,,,,,,,,,,,,,,,,,,,,,,,discovery-key::6c3245f2ac2b2e6dca7b05ac4aff4bf0cf88e64c5abd392eb8fcbd6ab10b0b7a,2026-09-10
A00000281,中禅寺先生物怪講義録 先生が謎を解いてしまうから。,,,,,TV,,,,,,,,,,,,,,,,,,,,,,,,,,,,,,,,,,,,,,,,,,,,,,,,,,,,,,,,,,,,,,discovery-key::4a79a186204fb0e782a1614da16e7827bf5e90085513a5e07c5119fe3d2b3699,2026-09-10
A00000282,アポカリプスホテル,,,,,TV,,,,,,,,,,,,,,,,,,,,,,,,,,,,,,,,,,,,,,,,,,,,,,,,,,,,,,,,,,,,,,discovery-key::af23659fd7ceb9c904b7b53508f92942335ea1ce062663142dd9f6e3703b0b1e,2026-09-10
A00000283,小林さんちのメイドラゴン さみしがりやの竜,,,,,MOVIE,,,,,,,,,,,,,,,,,,,,,,,,,,,,,,,,,,,,,,,,,,,,,,,,,,,,,,,,,,,,,,discovery-key::087a791bc00538f3bd3df4185b74684743741bcea54c07d313b320558cedf334,2026-09-10
A00000284,CITY THE ANIMATION,,,,,TV,,,,,,,,,,,,,,,,,,,,,,,,,,,,,,,,,,,,,,,,,,,,,,,,,,,,,,,,,,,,,,discovery-key::5215f312353d1a2537d99239a80fef4a7a95d6b3aad90e62091eddae8996086a,2026-09-10
A00000285,BURN THE WITCH,,,,,MOVIE,,,,,,,,,,,,,,,,,,,,,,,,,,,,,,,,,,,,,,,,,,,,,,,,,,,,,,,,,,,,,,discovery-key::1aba93090680791e2bcc80a147aef3d1c9c9f04af6ccaa8a5e9419e4376b9d31,2026-09-10
A00000286,機械じかけのマリー,,,,,TV,,,,,,,,,,,,,,,,,,,,,,,,,,,,,,,,,,,,,,,,,,,,,,,,,,,,,,,,,,,,,,discovery-key::600a537c245182290a7ab96d7db41859f3cdd42b1cea4b9eb6ab8908ec16d5e7,2026-09-10
A00000287,戦隊レッド 異世界で冒険者になる,,,,,TV,,,,,,,,,,,,,,,,,,,,,,,,,,,,,,,,,,,,,,,,,,,,,,,,,,,,,,,,,,,,,,discovery-key::90b8a1d4087c6e1c159023a899c2f43ccb2d5de9f354ab73cb0ed3a4348f4e88,2026-09-10
A00000288,雨と君と,,,,,TV,,,,,,,,,,,,,,,,,,,,,,,,,,,,,,,,,,,,,,,,,,,,,,,,,,,,,,,,,,,,,,discovery-key::66bffb9db3c49600123d7c2e4bae5745b2f116503ba25c902707c6dc9c8df9c5,2026-09-10
A00000289,だがしかし,,,,,TV,,,,,,,,,,,,,,,,,,,,,,,,,,,,,,,,,,,,,,,,,,,,,,,,,,,,,,,,,,,,,,discovery-key::507c8a262f5fcd09b1ce9f9be247d4e74f001b68b4fea114b0797b25fe525206,2026-09-10
A00000290,フレームアームズ・ガール,,,,,TV,,,,,,,,,,,,,,,,,,,,,,,,,,,,,,,,,,,,,,,,,,,,,,,,,,,,,,,,,,,,,,discovery-key::e6aee2a52cc2c60082c469a8c8d0645064a640af030c5e5add6dc9929354b99a,2026-09-10
A00000291,キルミーベイベー,,,,,TV,,,,,,,,,,,,,4コマ漫画系,,,,,,,,,,,,,,,,,,,,,,,,,,,,,,,,,,,,,,,,,,,,,,,,,discovery-key::3c2f4167201933a6d629339d71d618400b7d1e6a8bf886a3788776f481a7fd37,2026-09-10
A00000292,ヴァージン・パンク,,,,,MOVIE,,,,,,,,,,,,,,,,,,,,,,,,,,,,,,,,,,,,,,,,,,,,,,,,,,,,,,,,,,,,,,discovery-key::8bccc7f176a918627ea8387c218e898925b1a7075d01e09b4a9ae919dad196a6,2026-09-10
A00000293,ガーリッシュナンバー,,,,,TV,,,,,,,,,,,,,,,,,,,,,,,,,,,,,,,,,,,,,,,,,,,,,,,,,,,,,,,,,,,,,,discovery-key::e7dc86af63ddbc696f10f7cbeaa3ac0b21fd6eec8fe55846232c7e5e3e70ec99,2026-09-10
A00000294,超可動ガール1/6,,,,,TV,,,,,,,,,,,,,,,,,,,,,,,,,,,,,,,,,,,,,,,,,,,,,,,,,,,,,,,,,,,,,,discovery-key::fbf3192f4b9d538f2a32ff6189f38c27032a8759b2f20aa4d57b1e30f4c320c6,2026-09-10
A00000295,かってに改蔵,,,,,OVA,,,,,,,,,,,,,,,,,,,,,,,,,,,,,,,,,,,,,,,,,,,,,,,,,,,,,,,,,,,,,,discovery-key::e559d005f258fc470e43004469eff6fd317b5273b4915b6c9655c707dbb198aa,2026-09-10
A00000296,ゆらぎ荘の幽奈さん,,,,,TV,,,,,,,,,,,,,,,,,,,,,,,,,,,,,,,,,,,,,,,,,,,,,,,,,,,,,,,,,,,,,,discovery-key::cbd13ad2c0e4412f3a5ea042c680497817c2aae4ce6cd7573fab71f2e971b450,2026-09-10
A00000297,Burn the Witch #0.8,,,,,MOVIE,,,,,,,,,,,,,,,,,,,,,,,,,,,,,,,,,,,,,,,,,,,,,,,,,,,,,,,,,,,,,,discovery-key::4caac733558a9299d6031b23a15819e366ddcc4d6a43c4a84a434f62cfaff145,2026-09-10
A00000298,完璧すぎて可愛げがないと婚約破棄された聖女は隣国に売られる,,,,,TV,,,,,,,,,,,,,,,,,,,,,,,,,,,,,,,,,,,,,,,,,,,,,,,,,,,,,,,,,,,,,,discovery-key::93c1db6cf1b32e05e3c1b52b8d2131c797d16aa38b46bbc9e9c96d065d464971,2026-09-10
A00000299,Dr.STONE SCIENCE FUTURE,,,,,TV,,,,,,,,,,,,,,,,,,,,,,,,,,,,,,,,,,,,,,,,,,,,,,,,,,,,,,,,,,,,,,discovery-key::37c20c281430dbb0b99eceb9dd2e7a94e26b3856a751627fbc2787f7a5be1e56,2026-09-10
A00000300,キャッツ・アイ,,,,,ONA,,,,,,,,,,,,,,,,,,,,,,,,,,,,,,,,,,,,,,,,,,,,,,,,,,,,,,,,,,,,,,discovery-key::dfdc02971636e3c036c3d05947648f6c59050015764757d493303d8f616d6c7f,2026-09-10
A00000301,ぷにるはかわいいスライム 第2期,,,,,TV,,,,,,,,,,,,,,,,,,,,,,,,,,,,,,,,,,,,,,,,,,,,,,,,,,,,,,,,,,,,,,discovery-key::307e058bc0af80bd7da50b556ae4bb5fe6d88e71e3981da4474af41ada08fc22,2026-09-10
A00000302,日々は過ぎれど飯うまし,,,,,TV,,,,,,,,,,,,,,,,,,,,,,,,,,,,,,,,,,,,,,,,,,,,,,,,,,,,,,,,,,,,,,discovery-key::a69a035f8bd6a3d51a22273794f9dafd6518e6cc53595d633292d8d35a733a59,2026-09-10
A00000303,地縛少年花子くん2,,,,,TV,,,,,,,,,,,,,,,,,,,,,,,,,,,,,,,,,,,,,,,,,,,,,,,,,,,,,,,,,,,,,,discovery-key::5effc194dc0df5b7d79fc641508a5629b4c2083f89213a0e7658daacfb1731a1,2026-09-10
A00000304,ヘルモード ~やり込み好きのゲーマーは廃設定の異世界で無双する~,,,,,TV,,,,,,,,,,,,,,,,,,,,,,,,,,,,,,,,,,,,,,,,,,,,,,,,,,,,,,,,,,,,,,discovery-key::42038211342e00777fc14843fb86afaf9603e6fcf7e036dbac929f459a86c440,2026-09-10
A00000305,透明男と人間女~そのうち夫婦になるふたり~,,,,,TV,,,,,,,,,,,,,,,,,,,,,,,,,,,,,,,,,,,,,,,,,,,,,,,,,,,,,,,,,,,,,,discovery-key::7c3266857404f8ae0b58442087672cea3dc200a0a0f25e659f1ddb771fc78d0b,2026-09-10
A00000306,ふたりソロキャンプ,,,,,TV,,,,,,,,,,,,,,,,,,,,,,,,,,,,,,,,,,,,,,,,,,,,,,,,,,,,,,,,,,,,,,discovery-key::b42016d0f034c737f4949a78f319a9506ea414953c27a6d02196004e727a2315,2026-09-10
A00000307,異世界マンチキン ―HP1のままで最強最速ダンジョン攻略―,,,,,TV,,,,,,,,,,,,,,,,,,,,,,,,,,,,,,,,,,,,,,,,,,,,,,,,,,,,,,,,,,,,,,discovery-key::8bcf191573aa9f46741c6643245f1f7b70516da77f9bddacb9cb4fa13d0b1010,2026-09-10
A00000308,えぶりでいホスト,,,,,TV,,,,,,,,,,,,,,,,,,,,,,,,,,,,,,,,,,,,,,,,,,,,,,,,,,,,,,,,,,,,,,discovery-key::22e026d0391efd8cc772d4f66f11356d2fd73946e8cae61f70122104e84f1d4d,2026-09-10
A00000309,ISLAND,,,,,TV,,,,,,,,,,,,,,,,,,,,,,,,,,,,,,,,,,,,,,,,,,,,,,,,,,,,,,,,,,,,,,discovery-key::28cd2c5c15d13978a6bc06d38092dbbafb31f5590aa3ac120f9f8d8c0e0708c4,2026-09-10
A00000310,出禁のモグラ,,,,,TV,,,,,,,,,,,,,,,,,,,,,,,,,,,,,,,,,,,,,,,,,,,,,,,,,,,,,,,,,,,,,,discovery-key::d3f059dfed1a50be5bacf9a6c7144190ca02ff62dc71f0d7f4480396ce00af12,2026-09-10
A00000311,ホテル・インヒューマンズ,,,,,TV,,,,,,,,,,,,,,,,,,,,,,,,,,,,,,,,,,,,,,,,,,,,,,,,,,,,,,,,,,,,,,discovery-key::c47dcff315e8171fe257bff2cabf3658e366ef384b2af9a1b11557307915a36e,2026-09-10
A00000312,謎解きはディナーのあとで,,,,,TV,,,,,,,,,,,,,,,,,,,,,,,,,,,,,,,,,,,,,,,,,,,,,,,,,,,,,,,,,,,,,,discovery-key::74d569000c6e6d6321f0357fb735889c5eadfefcf6b792665a5f43033e7051c5,2026-09-10
A00000313,BanG Dream! ぽっぴん'どりーむ!,,,,,MOVIE,,,,,,,,,,,,,,,,,,,,,,,,,,,,,,,,,,,,,,,,,,,,,,,,,,,2022-01-01,,,,,,,,,,,discovery-key::6fb9cbaa3b4276231e74a2cd733ec4b17c2d58f9d4eee4c7bb27ac97c1f8a8fa,2026-09-10
A00000314,ウマ娘 プリティーダービー 新時代の扉,,,,,MOVIE,,,,,,,,,,,,,,,,,,,,,,,,,,,,,,,,,,,,,,,,,,,,,,,,,,,,,,,,,,,,,,discovery-key::84ee3156a6ec790585ce1edb9d689295cc1858a5ca3bf92de3caf3c608a44f4d,2026-09-10
A00000315,劇場版「進撃の巨人」完結編 THE LAST ATTACK,,,,,MOVIE,,,,,,,,,,,,,,,,,,,,,,,,,,,,,,,,,,,,,,,,,,,,,,,,,,,,,,,,,,,,,,discovery-key::5c2eb2cf1c62cf2e5d3936f5e4881471db7c9973d50b74dbe535fb5f4d5364c4,2026-09-10
A00000316,映画 ギヴン 柊mix,,,,,MOVIE,,,,,,,,,,,,,,,,,,,,,,,,,,,,,,,,,,,,,,,,,,,,,,,,,,,,,,,,,,,,,,discovery-key::ae324448bb65d1184a9469bbcdc33633734f85a365eca266c149f38fccd003d9,2026-09-10
A00000317,雨夜の月,,,,,TV,,,,,,,,,,,,,,,,,,,,,,,,,,,,,,,,,,,,,,,,,,,,,,,,,,,,,,,,,,,,,,discovery-key::de6eec1fef3aae1059b9d14eda7722c0b2017e09bda6abc3a2c0ef04241a669e,2026-09-10
A00000318,魔法使いの約束,,,,,TV,,,,,,,,,,,,,,,,,,,,,,,,,,,,,,,,,,,,,,,,,,OP::魔法使いの約束::::::::,,,,,,,,,2024-12-18,,,,,,,https://sh-anime.shochiku.co.jp/mahoyaku-anime/,https://twitter.com/intent/tweet?text=,,,discovery-key::6d699bed32746717304b41707e98c2985659e61f45bc5a5a3123e7f9a897baee,2026-09-10
A00000319,宇宙人ムームー,,,,,TV,,,,,,,,,,,,,,,,,,,,,,,,,,,,,,,,,,,,,,,,,,,,,,,,,,,,,,,,,,,,,,discovery-key::9c713b415d37b6efb7605424196e97d40433769d30b3f6ed85f09912ff2a6f6c,2026-09-10
A00000320,名探偵コナン 隻眼の残像,,,,,MOVIE,,,,,,,,,,,,,,,,,,,,,,,,,,,,,,,,,,,,,,,,,,,,,,,,,,,,,,,,,,,,,,discovery-key::d9819fcc6c89ada8ae18e7e241d50fb88bc22df9993af3c90b25dcdaecb845a0,2026-09-10
A00000321,長門有希ちゃんの消失,,,,,TV,,,,,,,,,,,,,,,,,,,,,,,,,,,,,,,,,,,,,,,,,,,,,,,,,,,,,,,,,,,,,,discovery-key::7f68dfd066e4761be5d8ce850ee68d076b0543241cd745b74ead4b7195657711,2026-09-10
A00000322,三者三葉,,,,,TV,,,,,,,,,,,,,,,,,,,,,,,,,,,,,,,,,,,,,,,,,,,,,,,,,,,,,,,,,,,,,,discovery-key::07a954337bd19d0995d216255a428573c21bf2918a173f53e17ec1404f1f718d,2026-09-10
A00000323,シャンピニオンの魔女,,,,,TV,,,,,,,,,,,,,,,,,,,,,,,,,,,,,,,,,,,,,,,,,,,,,,,,,,,,,,,,,,,,,,discovery-key::593245d50b732bb71dfaf96712cfa6238375ec759f216e8ed7aa289fc4a9268b,2026-09-10
A00000324,フードコートで、また明日。,,,,,TV,,,,,,,,,,,,,,,,,,,,,,,,,,,,,,,,,,,,,,,,,,,,,,,,,,,,,,,,,,,,,,discovery-key::da824526546cdfe451b4b0fe0966151044582a62d4451ee4fdf368807e4f035b,2026-09-10
A00000325,追放者食堂へようこそ!,,,,,TV,,,,,,,,,,,,,,,,,,,,,,,,,,,,,,,,,,,,,,,,,,,,,,,,,,,,,,,,,,,,,,discovery-key::e77e0b0b28091f8c69977fb6c1023c1c570d2e1ef09f52155bd6909a27ed6ebe,2026-09-10
A00000326,ニニンがシノブ伝,,,,,TV,,,,,,,,,,,,,,,,,,,,,,,,,,,,,,,,,,,,,,,,,,,,,,,,,,,,,,,,,,,,,,discovery-key::b1997f1493aff11e0ba16b327015792be2c0c212ea2addbc29cb99d4ba8d6924,2026-09-10
A00000327,ハミダシクリエイティブ,,,,,TV,,,,,,,,,,,,,,,,,,,,,,,,,,,,,,,,,,,,,,,,,,,,,,,,,,,,,,,,,,,,,,discovery-key::9090fd9fe7ede7a2b6a5012bcd74f7991e8de87f495e4a9324d2db9a98405da4,2026-09-10
A00000328,さばげぶっ!,,,,,TV,,,,,,,,,,,,,,,,,,,,,,,,,,,,,,,,,,,,,,,,,,,,,,,,,,,,,,,,,,,,,,discovery-key::26913a5195336cd3bb3e703f0d80df86dcfce7b72144366234b59c60e952e349,2026-09-10
A00000329,果てしなきスカーレット,,,,,MOVIE,,,,,,,,,,,,,,,,,,,,,,,,,,,,,,,,,,,,,,,,,,,,,,,,,,,,,,,,,,,,,,discovery-key::bb34d7bcf1b775a88f5467f8813342f732918ea91251078e773a8c23e548dfc6,2026-09-10
A00000330,フェルマーの料理,,,,,TV,,,,,,,,,,,,,,,,,,,,,,,,,,,,,,,,,,,,,,,,,,,,,,,,,,,,,,,,,,,,,,discovery-key::9931483d0577014941821de66312470cfb864ea0be64fc99bad43a46e7768771,2026-09-10
A00000331,とんでぶーりん,,,,,TV,,,,,,,,,,,,,,,,,,,,,,,,,,,,,,,,,,,,,,,,,,,,,,,,,,,,,,,,,,,,,,discovery-key::8febf017d008b36e0f9119a5a127e396750a375ed96360d9423241ed664666c6,2026-09-10
A00000332,映画ドラえもん のび太と奇跡の島 〜アニマル アドベンチャー〜,,,,,MOVIE,,,,,,,,,,,,,,,,,,,,,,,,,,,,,,,,,,,,,,,,,,,,,,,,,,,2012-03-03,,,,,,,,,,,discovery-key::bc8506368a537ddc87c74b721106c9b9fb01a0d855bac3dfcf09184ee1a697af,2026-09-10
A00000333,水属性の魔法使い,,,,,TV,,,,,,,,,,,,,,,,,,,,,,,,,,,,,,,,,,,,,,,,,,,,,,,,,,,,,,,,,,,,,,discovery-key::d46c6a9f769b21c037c1b0bcb0d6fa395bafcd1f9c6552984317608b985cf413,2026-09-10
A00000334,アルマちゃんは家族になりたい,,,,,TV,,,,,,,,,,,,,,,,,,,,,,,,,,,,,,,,,,,,,,,,,,,,,,,,,,,,,,,,,,,,,,discovery-key::c65b38ce26741bb9e34c5b8a70cb321aef373f6b2173e10e20874af38ade72e5,2026-09-10
A00000335,クスノキの番人,,,,,MOVIE,,,,,,,,,,,,,,,,,,,,,,,,,,,,,,,,,,,,,,,,,,,,,,,,,,,,,,,,,,,,,,discovery-key::4b757332247c11abc796849cd5034b433133a67ee89a14b76dc4aa1bd307eec9,2026-09-10
A00000336,Re:ゼロから始める異世界生活4th season,,,,,TV,,,,,,,,,,,,,,,,,,,,,,,,,,,,,,,,,,,,,,,,,,,,,,,,,,,,,,,,,,,,,,discovery-key::429e60254a45a3d2dd45bf22141a72664df561abc4b987933faaa0de42cf5b84,2026-09-10
A00000337,きみが死ぬまで恋をしたい,,,,,TV,,,,,,,,,,,,,,,,,,,,,,,,,,,,,,,,,,,,,,,,,,,,,,,,,,,,,,,,,,,,,,discovery-key::b18e0d3c6453c91c7c77d836bd286daf83c992d67a989f7d252f1504b6c23085,2026-09-10
A00000338,アズールレーン びそくぜんしんっ!,,,,,TV,,,,,,,,,,,,,,,,,,,,,,,,,,,,,,,,,,,,,,,,,,,,,,,,,,,,,,,,,,,,,,discovery-key::a6cffceb9e6a4bbf8eb86d106f7261f6e9c54079c0363016b756e4161067748b,2026-09-10
A00000339,顔に出ない柏田さんと顔に出る太田君,,,,,TV,,,,,,,,,,,,,,,,,,,,,,,,,,,,,,,,,,,,,,,,,,,,,,,,,,,,,,,,,,,,,,discovery-key::2fe8074b8923cc61ba70c333bdf2af3d6578945335d998a7ce7f97375adc38a6,2026-09-10
A00000340,未ル わたしのみらい,,,,,TV,,,,,,,,,,,,,,,,,,,,,,,,,,,,,,,,,,,,,,,,,,,,,,,,,,,,,,,,,,,,,,discovery-key::6e4d8a1f7f2e337cdeda32a589c5d1242687a70dc8c965519b84de04a03936f8,2026-09-10
A00000341,気になってる人が男じゃなかった,,,,,TV,,,,,,,,,,,,,,,,,,,,,,,,,,,,,,,,,,,,,,,,,,,,,,,,,,,,,,,,,,,,,,discovery-key::3a96d67495021f1ba070ba3e87c0a9a9dbf8e8a922d91bf3f7746367c45c73b6,2026-09-10
A00000342,ウタヒメドリーム,,,,,TV,,,,,,,,,,,,,,,,,,,,,,,,,,,,,,,,,,,,,,,,,,,,,,,,,,,,,,,,,,,,,,discovery-key::ad56674b269a9d3eb058e48a0e10d338fac0fdc20e4cef3a5987240a5e41ca16,2026-09-10
A00000343,New PANTY & STOCKING with GARTERBELT,,,,,TV,,,,,,,,,,,,,,,,,,,,,,,,,,,,,,,,,,,,,,,,,,,,,,,,,,,,,,,,,,,,,,discovery-key::630d4bb2eac56145c76ddba6b57012a1268af7af776d29a1c94af0bb4e6ae0e5,2026-09-10
A00000344,終末ツーリング,,,,,TV,,,,,,,,,,,,,,,,,,,,,,,,,,,,,,,,,,,,,,,,,,,,,,,,,,,,,,,,,,,,,,discovery-key::b5cdfea43febc72cbb8f142ec80dcdca8b68dd8521a80e33137f62a4d3d74fd6,2026-09-10
A00000345,恋するワンピース,,,,,ONA,,,,,,,,,,,,,,,,,,,,,,,,,,,,,,,,,,,,,,,,,,,,,,,,,,,,,,,,,,,,,,discovery-key::d56f3aacef9868e4415c305916819933d3670f9cc4f91072c8888b83c8c51102,2026-09-10
A00000346,さわらないで小手指くん,,,,,TV,,,,,,,,,,,,,,,,,,,,,,,,,,,,,,,,,,,,,,,,,,,,,,,,,,,,,,,,,,,,,,discovery-key::d3c9e6f21c6b54af304be0f42d99005f21492341676e7c83aa552d7162402218,2026-09-10
A00000347,陰陽廻天 Re:バース,,,,,TV,,,,,,,,,,,,,,,,,,,,,,,,,,,,,,,,,,,,,,,,,,,,,,,,,,,,,,,,,,,,,,discovery-key::69312a22892ca98aed7a4d653d12606f05b6d27c6c2f7bbda00783cb352bc14e,2026-09-10
A00000348,東島丹三郎は仮面ライダーになりたい,,,,,TV,,,,,,,,,,,,,,,,,,,,,,,,,,,,,,,,,,,,,,,,,,,,,,,,,,,,,,,,,,,,,,discovery-key::17b255f9e86d27a0d33600812e338d7291505e3a429db26a80848142714f665c,2026-09-10
A00000349,ゾンビランドサガ ゆめぎんがパラダイス,,,,,MOVIE,,,,,,,,,,,,,,,,,,,,,,,,,,,,,,,,,,,,,,,,,,,,,,,,,,,2025-10-24,,,,,,,,,,,discovery-key::4021d2d5d4ddf5fd1cd311a68aad80b7853daea03b50154311a471fe20dfae97,2026-09-10
A00000350,ちゃんと吸えない吸血鬼ちゃん,,,,,TV,,,,,,,,,,,,,,,,,,,,,,,,,,,,,,,,,,,,,,,,,,,,,,,,,,,,,,,,,,,,,,discovery-key::93e8b8efc08fa1800222d09d56f8428e239dcea562127995a28b3935c51225a3,2026-09-10
A00000351,気絶勇者と暗殺姫,,,,,TV,,,,,,,,,,,,,,,,,,,,,,,,,,,,,,,,,,,,,,,,,,,,,,,,,,,,,,,,,,,,,,discovery-key::ec1badeb6ccf1940e229c1f25bd131ce16143bb1d52d5b9bb9b29ec6fac3b2c2,2026-09-10
A00000352,蟲師,,,,,TV,,,,,,,,,,,,,,,,,,,,,,,,,,,,,,,,,,,,,,,,,,,,,,,,,,,,,,,,,,,,,,discovery-key::a56be63113b97f33092821aea788d26c92f7f8533c3e522e21199b83720f75ef,2026-09-10
A00000353,蟲師 続章,,,,,TV,,,,,,,,,,,,,,,,,,,,,,,,,,,,,,,,,,,,,,,,,,,,,,,,,,,,,,,,,,,,,,discovery-key::243bb199d9c7fd710e965f4198159da829526d93e68af1fbc4f14c6424c7cdb5,2026-09-10
A00000354,かんなぎ,,,,,TV,,,,,,,,,,,,,,,,,,,,,,,,,,,,,,,,,,,,,,,,,,,,,,,,,,,,,,,,,,,,,,discovery-key::07044b458b75aedef70553f82f0696ac358f34ea3fc4f61d9a23d563713e9788,2026-09-10
A00000355,太陽よりも眩しい星,,,,,TV,,,,,,,,,,,,,,,,,,,,,,,,,,,,,,,,,,,,,,,,,,,,,,,,,,,,,,,,,,,,,,discovery-key::d15a28ec8bb6174bc812a675530440f4d8ab99c4f6d2655657a18b48274a6b12,2026-09-10
A00000356,レ・ミゼラブル 少女コゼット,,,,,TV,,,,,,,,,,,,,,,,,,,,,,,,,,,,,,,,,,,,,,,,,,,,,,,,,,,,,,,,,,,,,,discovery-key::9767d50e57b978d087fa12b3896abc398703e73d72e683ef78b0b4730439347a,2026-09-10
A00000357,人妻の唇は缶チューハイの味がして,,,,,TV,,,,,,,,,,,,,,,,,,,,,,,,,,,,,,,,,,,,,,,,,,,,,,,,,,,,,,,,,,,,,,discovery-key::b85bb2314ddc9ef95bdf146af6e19f4c94d8abf2576c898c53a46855c2234d86,2026-09-10
A00000358,忍者と極道,,,,,TV,,,,,,,,,,,,,,,,,,,,,,,,,,,,,,,,,,,,,,,,,,,,,,,,,,,,,,,,,,,,,,discovery-key::852668da114bea7fe4d10190b0b28cac7e076070b1c60c0a01d4e40de9c95642,2026-09-10
A00000359,ツインズひなひま,,,,,TV,,,,,,,,,,,,,,,,,,,,,,,,,,,,,,,,,,,,,,,,,,,,,,,,,,,,,,,,,,,,,,discovery-key::decfd16cb33e32300bb8cb3766e38bdf29f40ab18efc4e330906133c9fab651e,2026-09-10
A00000360,劇場版 転生したらスライムだった件 蒼海の涙編,,,,,MOVIE,,,,,,,,,,,,,,,,,,,,,,,,,,,,,,,,,,,,,,,,,,,,,,,,,,,,,,,,,,,,,,discovery-key::f04697e355d340287c412ef90eca0d74c43d719be506bbee2daa795cfba1f2da,2026-09-10
A00000361,上伊那ぼたん、酔へる姿は百合の花,,,,,TV,,,,,,,,,,,,,,,,,,,,,,,,,,,,,,,,,,,,,,,,,,,,,,,,,,,,,,,,,,,,,,discovery-key::f7f1b2b891c54f921f0d6efcee77f97d3925a7caff7041b1a9cac17b4516265f,2026-09-10
A00000362,ポンコツ風紀委員とスカート丈が不適切なJKの話,,,,,TV,,,,,,,,,,,,,,,,,,,,,,,,,,,,,,,,,,,,,,,,,,,,,,,,,,,,,,,,,,,,,,discovery-key::a0549065edd70b7ae01abb6714c85e03c8e6fa661e07bf3696dd04251b12327b,2026-09-10
A00000363,カナン様はあくまでチョロい,,,,,TV,,,,,,,,,,,,,,,,,,,,,,,,,,,,,,,,,,,,,,,,,,,,,,,,,,,,,,,,,,,,,,discovery-key::143967cc4745f4da0f530efa8d197905cb7ca88d8debffd56a5d3729a97e3644,2026-09-10
A00000364,声優戦隊ボイストーム7,,,,,TV,,,,,,,,,,,,,,,,,,,,,,,,,,,,,,,,,,,,,,,,,,,,,,,,,,,,,,,,,,,,,,discovery-key::c1cbb92ebc540c7699e6e35eddd71b5e62ce7cda9082f2bc2eae8e978af5621c,2026-09-10
A00000365,綺麗にしてもらえますか。,,,,,TV,,,,,,,,,,,,,,,,,,,,,,,,,,,,,,,,,,,,,,,,,,,,,,,,,,,,,,,,,,,,,,discovery-key::3db65ebd0def10cfd9666b2fc38e8a7f4f2d233e96370e7d53488ff262797bb9,2026-09-10
A00000366,遠井さんは青春したい!『バカとスマホとロマンスと』,,,,,MOVIE,,,,,,,,,,,,,,,,,,,,,,,,,,,,,,,,,,,,,,,,,,,,,,,,,,,,,,,,,,,,,,discovery-key::5f417c35a1873f2db7cda49bd4a7955b16d335f9a3d6c2e7a1c37d797639c9bc,2026-09-10
A00000367,お気楽領主の楽しい領地防衛 ~生産系魔術で名もなき村を最強の城塞都市に~,,,,,TV,,,,,,,,,,,,,,,,,,,,,,,,,,,,,,,,,,,,,,,,,,,,,,,,,,,,,,,,,,,,,,discovery-key::e8745b7bf4dfe8474103bfbadac57630bc613c204e18e0b8948607708ba74490,2026-09-10
A00000368,ド級編隊エグゼロス,,,,,TV,,,,,,,,,,,,,,,,,,,,,,,,,,,,,,,,,,,,,,,,,,,,,,,,,,,,,,,,,,,,,,discovery-key::ad324c8b27e84d7998cd7d3aac9758dc130fb81e9b89d22f2606f2f42ee306cd,2026-09-10
A00000369,うるわしの宵の月,,,,,TV,,,,,,,,,,,,,,,,,,,,,,,,,,,,,,,,,,,,,,,,,,,,,,,,,,,,,,,,,,,,,,discovery-key::ad13a80a546320e3db4c207a69eb31538d9a7755774a012131e8e681a3ac81fc,2026-09-10
A00000370,ヒロイン?聖女?いいえ、オールワークスメイドです(誇)!,,,,,TV,,,,,,,,,,,,,,,,,,,,,,,,,,,,,,,,,,,,,,,,,,,,,,,,,,,,,,,,,,,,,,discovery-key::b1e7ceeedfe562f8194d56b2e04073795d9b2af87ce4bee79a8df0c15e021a99,2026-09-10
A00000371,トリツカレ男,,,,,MOVIE,,,,,,,,,,,,,,,,,,,,,,,,,,,,,,,,,,,,,,,,,,,,,,,,,,,,,,,,,,,,,,discovery-key::1eb2ceddb250cc368d11ab1a16ddac8b8f95ffe4eb5de31f1372c7f0da0cc2c7,2026-09-10
A00000372,美男高校地球防衛部LOVE!,,,,,TV,,,,,,,,,,,,,,,,,,,,,,,,,,,,,,,,,,,,,,,,,,,,,,,,,,,,,,,,,,,,,,discovery-key::48f4592b470ff62e98b2bfcc99fc9694fc48fe9102170aa934404d0639415064,2026-09-10
A00000373,美男高校地球防衛部ハイカラ!,,,,,TV,,,,,,,,,,,,,,,,,,,,,,,,,,,,,,,,,,,,,,,,,,,,,,,,,,,,,,,,,,,,,,discovery-key::b2d8e50afd4e677b997e12b3f0dad667a1d226d0609eac63f65fbdd9fa26ae87,2026-09-10
A00000374,ラブライブ!蓮ノ空女学院スクールアイドルクラブ Bloom Garden Party,,,,,MOVIE,,,,,,,,,,,,,,,,,,,,,,,,,,,,,,,,,,,,,,,,,,,,,,,,,,,,,,,,,,,,,,discovery-key::6f9a169f61555caf369f26f1c0b5c276bc52561b10aa276e65daae05a63082a5,2026-09-10
A00000375,SHY,,,,,TV,,,,,,,,,,,,,,,,,,,,,,,,,,,,,,,,,,,,,,,,,,,,,,,,,,,,,,,,,,,,,,discovery-key::9807eb6ec753a5173bda500e52497ef0c62b0dd7d51891731b39d6dafd9315ae,2026-09-10
A00000376,機動戦士ガンダム 閃光のハサウェイ キルケーの魔女,,,,,MOVIE,,,,,,,,,,,,,,,,,,,,,,,,,,,,,,,,,,,,,,,,,,,,,,,,,,,,,,,,,,,,,,discovery-key::e878df92e953bc2d2f4e754e302032f2a0c6b84503b0608b593de134962648a2,2026-09-10
A00000377,自称悪役令嬢な婚約者の観察記録。,,,,,TV,,,,,,,,,,,,,,,,,,,,,,,,,,,,,,,,,,,,,,,,,,,,,,,,,,,,,,,,,,,,,,discovery-key::224c03625527ab27292c53c505906b8a49b56761c0df1ac1cbce547074cacd01,2026-09-10
A00000378,転生貴族、鑑定スキルで成り上がる 第2期,,,,,TV,,,,,,,,,,,,,,,,,,,,,,,,,,,,,,,,,,,,,,,,,,,,,,,,,,,,,,,,,,,,,,discovery-key::06bd57671733930d17a478580ee247c74b21ad5fc5818bfa9c6e1e0ced7e6ce2,2026-09-10
A00000379,「お前ごときが魔王に勝てると思うな」と勇者パーティを追放されたので、王都で気ままに暮らしたい,,,,,TV,,,,,,,,,,,,,,,,,,,,,,,,,,,,,,,,,,,,,,,,,,,,,,,,,,,,,,,,,,,,,,discovery-key::af2cd2dbe16160d38e592e56cc39c8361fdcd03fc3932b820a8cc9aac11947a6,2026-09-10
A00000380,生徒会にも穴はある!,,,,,TV,,,,,,,,,,,,,,,,,,,,,,,,,,,,,,,,,,,,,,,,,,,,,,,,,,,,,,,,,,,,,,discovery-key::6803c24a1c22ddf2169e4f00a357d14c9de807218564cbe4c0d152cffb75e3e7,2026-09-10
A00000381,いつだってMyサンタ!,,,,,OVA,,,,,,,,,,,,,,,,,,,,,,,,,,,,,,,,,,,,,,,,,,,,,,,,,,,,,,,,,,,,,,discovery-key::f183e2fa488e0f00f32b2a0f07fa3e5d764e70ed19ae52961e14232aeb384aaa,2026-09-10
A00000382,エレキシード,,,,,TV,,,,,,,,,,,,,,,,,,,,,,,,,,,,,,,,,,,,,,,,,,,,,,,,,,,,,,,,,,,,,,discovery-key::ab04129224b3381bbce3efba82ec821d27f3c55a6b13adf6d62d0c13c905ebfc,2026-09-10
A00000383,傷だらけ聖女より報復をこめて,,,,,TV,,,,,,,,,,,,,,,,,,,,,,,,,,,,,,,,,,,,,,,,,,,,,,,,,,,,,,,,,,,,,,discovery-key::619d913dd551c8b151eb57359eaa2f9b5e3dca7e5cbde2e73d52d0221d17e948,2026-09-10
A00000384,ガールズ&パンツァー もっとらぶらぶ作戦です!,,,,,MOVIE,,,,,,,,,,,,,,,,,,,,,,,,,,,,,,,,,,,,,,,,,,,,,,,,,,,,,,,,,,,,,,discovery-key::b3441fb68a7101ba108943f654597206d19ea6da18c051c7b56e36d23144cf0c,2026-09-10
A00000385,ンめねこ,,,,,TV,,,,,,,,,,,,,,,,,,,,,,,,,,,,,,,,,,,,,,,,,,,,,,,,,,,,,,,,,,,,,,discovery-key::7a63b5ed4f16c172b9dd277213e188aba9416d11875c9e7a4350c1967e876dc1,2026-09-10
A00000386,愛してるゲームを終わらせたい,,,,,TV,,,,,,,,,,,,,,,,,,,,,,,,,,,,,,,,,,,,,,,,,,,,,,,,,,,,,,,,,,,,,,discovery-key::2cfe06f4f61be4819650fb6919461263dffd27c9819b5c37274e7717eba075aa,2026-09-10
A00000387,The Graffiti,,,,,SHORT,,,,,,,,,,,,,,,,,,,,,,,,,,,,,,,,,,,,,,,,,,,,,,,,,,,,,,,,,,,,,,discovery-key::a3af7100cd52bd378638f056f6525a01eb046eafc2ed74a6df35f97efd2cd251,2026-09-10
A00000388,華Doll*-Reinterpretation of Flowering-,,,,,TV,,,,,,,,,,,,,,,,,,,,,,,,,,,,,,,,,,,,,,,,,,,,,,,,,,,,,,,,,,,,,,discovery-key::0b56127a81dd9de4620dce7bc29e14060413febd267d3df066df5ebc498befca,2026-09-10
A00000389,劇場版 Free!-the Final Stroke-,,,,,MOVIE,,,,,,,,,,,,,,,,,,,,,,,,,,,,,,,,,,,,,,,,,,,,,,,,,,,,,,,,,,,,,,discovery-key::79d72c522bbde9a782acaec839428640d468caaca8153a58e6227f7f0e4d22b8,2026-09-10
A00000390,劇場版 Collar×Malice -deep cover-,,,,,MOVIE,,,,,,,,,,,,,,,,,,,,,,,,,,,,,,,,,,,,,,,,,,,,,,,,,,,,,,,,,,,,,,discovery-key::a58529ed66ffcbd630e3e63a0005623669266df2c18b6e1e885a2afedda56892,2026-09-10
A00000391,永久のユウグレ,,,,,TV,,,,,,,,,,,,,,,,,,,,,,,,,,,,,,,,,,,,,,,,,,,,,,,,,,,,,,,,,,,,,,discovery-key::a2e825ea180fcd8f81936f28d5af8688b76b57ca470451aa1d8a2cff880c7b86,2026-09-10
A00000392,森のくまさん、冬眠中。,,,,,TV,,,,,,,,,,,,,,,,,,,,,,,,,,,,,,,,,,,,,,,,,,,,,,,,,,,,,,,,,,,,,,discovery-key::e9157fc91c4c1b19af932fe3d4bfde085a8413289c4dc263c0b5eb3ab7139a8f,2026-09-10
A00000393,やたらやらしい深見くん,,,,,TV,,,,,,,,,,,,,,,,,,,,,,,,,,,,,,,,,,,,,,,,,,,,,,,,,,,,,,,,,,,,,,discovery-key::020e0e675101957e4cacc178f27dcea0c895773b7032bc75cb1f6c33d3e8dd14,2026-09-10
A00000394,おばけずかん,,,,,TV,,,,,,,,,,,,,,,,,,,,,,,,,,,,,,,,,,,,,,,,,,,,,,,,,,,,,,,,,,,,,,discovery-key::8db5422846c085ace4d8f45dce9f9dd2fe598b3149ff2c5231167adf20fffd7e,2026-09-10
A00000395,BanG Dream! Morfonication,,,,,TV,,,,,,,,,,,,,,,,,,,,,,,,,,,,,,,,,,,,,,,,,,,,,,,,,,,,,,,,,,,,,,discovery-key::9e968045234e30e34c7155d242703107c6630f0b5d65b6a7c4d6adb5825be3ed,2026-09-10
A00000396,パリに咲くエトワール,,,,,MOVIE,,,,,,,,,,,,,,,,,,,,,,,,,,,,,,,,,,,,,,,,,,,,,,,,,,,,,,,,,,,,,,discovery-key::5268c97df8ee4cf97dcb42a264f5a339a2b1f6027d4ad089f78480ba6fdc5a64,2026-09-10
A00000397,映画 おでかけ子ザメ とかいのおともだち,,,,,MOVIE,,,,,,,,,,,,,,,,,,,,,,,,,,,,,,,,,,,,,,,,,,,,,,,,,,,,,,,,,,,,,,discovery-key::985926f73e13b0c5d84d548edfbc665982d716f00d35b89fb6e4aad91c98ed20,2026-09-10
A00000398,無自覚聖女は今日も無意識に力を垂れ流す,,,,,TV,,,,,,,,,,,,,,,,,,,,,,,,,,,,,,,,,,,,,,,,,,,,,,,,,,,,,,,,,,,,,,discovery-key::e6c6cfd6a06d7a55340b29db3705ee647198c62e3c17b8c9bef9898566db6bc2,2026-09-10
A00000399,朱色の仮面,,,,,TV,,,,,,,,,,,,,,,,,,,,,,,,,,,,,,,,,,,,,,,,,,,,,,,,,,,,,,,,,,,,,,discovery-key::93891478d85b92e18214d765f1cbb7b96f43fe542a584354b6983e09b36c0a2a,2026-09-10
A00000400,ブチ切れ令嬢は報復を誓いました。 ~魔導書の力で祖国を叩き潰します~,,,,,TV,,,,,,,,,,,,,,,,,,,,,,,,,,,,,,,,,,,,,,,,,,,,,,,,,,,,,,,,,,,,,,discovery-key::64dccf8d29619adafdab8584fb087ad7ab9a01e154ec181eed248fafc91be484,2026-09-10
A00000401,モンスターストライク デッドバースリローデッド,,,,,TV,,,,,,,,,,,,,,,,,,,,,,,,,,,,,,,,,,,,,,,,,,,,,,,,,,,,,,,,,,,,,,discovery-key::e7e7f41dff8487db332e271458a90b508f7624497198bfc11e502d4cb95cd6eb,2026-09-10
A00000402,迷宮のしおり,,,,,MOVIE,,,,,,,,,,,,,,,,,,,,,,,,,,,,,,,,,,,,,,,,,,,,,,,,,,,,,,,,,,,,,,discovery-key::ce350a181d83719b44ed0f1baa5d9b547a103cd7631f800032d9e2e163ead006,2026-09-10
A00000403,いびってこない義母と義姉,,,,,TV,,,,,,,,,,,,,,,,,,,,,,,,,,,,,,,,,,,,,,,,,,,,,,,,,,,,,,,,,,,,,,discovery-key::8a4e468482190bd4625dc74f640ce9fc623b7dc768a19b9e0c89e007af0653fc,2026-09-10
A00000404,スノウボールアース,,,,,TV,,,,,,,,,,,,,,,,,,,,,,,,,,,,,,,,,,,,,,,,,,,,,,,,,,,,,,,,,,,,,,discovery-key::899ab0d84b35f75e61d1a677d62cd7392f0c360f76569a66f22be3e3bef00c75,2026-09-10
A00000405,ばなにゃ,,,,,TV,,,,,,,,,,,,,,,,,,,,,,,,,,,,,,,,,,,,,,,,,,,,,,,,,,,,,,,,,,,,,,discovery-key::2f8c3f55e1bec928711d5e1db09c6cbc819872faa4106e8050fe300d53b079ad,2026-09-10
A00000406,ホウセンカ,,,,,MOVIE,,,,,,,,,,,,,,,,,,,,,,,,,,,,,,,,,,,,,,,,,,,,,,,,,,,,,,,,,,,,,,discovery-key::9ccc98e81e8c8997eb3d5a236a057a177459cf2018526f96640c1a7817df2e18,2026-09-10
A00000407,劇場版 シドニアの騎士,,,,,MOVIE,,,,,,,,,,,,,,,,,,,,,,,,,,,,,,,,,,,,,,,,,,,,,,,,,,,,,,,,,,,,,,discovery-key::32a7bcf398dd7376831e4b40509f5817c4aa8fc21b1a3809e9a292f87dfb36b4,2026-09-10
A00000408,明日のナージャ,,,,,TV,,,,,,,,,,,,,,,,,,,,,,,,,,,,,,,,,,,,,,,,,,,,,,,,,,,,,,,,,,,,,,discovery-key::605cd0789849c2e6b6029cb475fb421ca898c5d784a30dea8863c7b96f8af0c5,2026-09-10
A00000409,DIGIMON BEATBREAK,,,,,TV,,,,,,,,,,,,,,,,,,,,,,,,,,,,,,,,,,,,,,,,,,,,,,,,,,,,,,,,,,,,,,discovery-key::5ea7271bdbebf07317420c1161186dbf83ad19f53a1f2f08c7baf3ae7e2a4ec7,2026-09-10
A00000410,紅三四郎,,,,,TV,,,,,,,,,,,,,,,,,,,,,,,,,,,,,,,,,,,,,,,,,,,,,,,,,,,,,,,,,,,,,,discovery-key::6f08f1e54c24fb3a0b660219d17bd600c44c529034bd3db0ba1483abc3befe0d,2026-09-10
A00000411,境界戦機 極鋼ノ装鬼,,,,,ONA,,,,,,,,,,,,,,,,,,,,,,,,,,,,,,,,,,,,,,,,,,,,,,,,,,,,,,,,,,,,,,discovery-key::05694f78ecb231fa641206796c20e5548fd78dc0e316ff3fdfa23bb39259f8b7,2026-09-10
A00000412,Let's Play クエストだらけのマイライフ,,,,,TV,,,,,,,,,,,,,,,,,,,,,,,,,,,,,,,,,,,,,,,,,,,,,,,,,,,,,,,,,,,,,,discovery-key::b08f0755b686f02ea263f23a53917cd0cf09c1629a95d8804f655a500f40f486,2026-09-10
A00000413,みかん絵日記,,,,,TV,,,,,,,,,,,,,,,,,,,,,,,,,,,,,,,,,,,,,,,,,,,,,,,,,,,,,,,,,,,,,,discovery-key::f5e42eeaac7cbfad4aca7e7c05813a12b15c64432430cd2555a8a0a49a963e49,2026-09-10
A00000414,ヤング ブラック・ジャック,,,,,TV,2017-01-26,,,,,,,,,,,,,,,大熊ゆうご先生描き下ろしイラスト掲載!,,,,,,,,,,,,,,,,,,,,,,,,,,OP::ヤングブラック・ジャック::::::::,ED::ヤング ブラック・ジャック::::::::|ED::焚吐::::::::,,,,,,,,,,,,,,,http://www.tbs.co.jp/anime/ybj/,,,,discovery-key::273e4559e9fd704ac90e1be24d0fae583aa10232928304c69364b9d139760ff7,2026-09-10
A00000415,アイカツスターズ!,,,,,TV,,,,,,,,,,,,,,,,,,,,,,,,,,,,,,,,,,,,,,,,,,,,,,,,,,,,,,,,,,,,,,discovery-key::960c96d858c2ddcf456adab6a4ba831e6880a64dd526553577ad80ff93220904,2026-09-10
A00000416,メイドさんは食べるだけ,,,,,TV,,,,,,,,,,,,,,,,,,,,,,,,,,,,,,,,,,,,,,,,,,,,,,,,,,,,,,,,,,,,,,discovery-key::cbb72f219e0cbd0b39eeb251e5f594520bb3a8371ec4bda73e2ce53f7ea56cff,2026-09-10
A00000417,藤本タツキ17-26,,,,,ONA,,,,,,,,,,,,,,,,,,,,,,,,,,,,,,,,,,,,,,,,,,,,,,,,,,,,,,,,,,,,,,discovery-key::68dbb834072b41ec7edec013c8491bb935a7049f27967d4021894c508d38af30,2026-09-10
A00000418,花緑青が明ける日に,,,,,MOVIE,,,,,,,,,,,,,,,,,,,,,,,,,,,,,,,,,,,,,,,,,,,,,,,,,,,,,,,,,,,,,,discovery-key::19445af964a061656b3eccdae544d7119d20e2e2072d67d8d40604e9cb3cd9b3,2026-09-10
A00000419,人外教室の人間嫌い教師,,,,,TV,,,,,,,,,,,,,,,,,,,,,,,,,,,,,,,,,,,,,,,,,,,,,,,,,,,,,,,,,,,,,,discovery-key::109021ec79123c7eb67d3174ef32de8352b7aa11fb54ab810abba1e98f2343de,2026-09-10
A00000420,ここは俺に任せて先に行けと言ってから10年がたったら伝説になっていた。,,,,,TV,,,,,,,,,,,,,,,,,,,,,,,,,,,,,,,,,,,,,,,,,,,,,,,,,,,,,,,,,,,,,,discovery-key::b541b526abc42925dbe4902571c544282e006bf6fef9e34a798be450543ab800,2026-09-10
A00000421,手札が多めのビクトリア,,,,,TV,,,,,,,,,,,,,,,,,,,,,,,,,,,,,,,,,,,,,,,,,,,,,,,,,,,,,,,,,,,,,,discovery-key::267774ae52ed3388cc7b863faee237cd7d2f6dfa890a041fba15292b05523773,2026-09-10
A00000422,おじさんはカワイイものがお好き。,,,,,TV,,,,,,,,,,,,,,,,,,,,,,,,,,,,,,,,,,,,,,,,,,,,,,,,,,,,,,,,,,,,,,discovery-key::ab0dd2c21c4d28744cb63ce655b713cbea92894813e7c52daf273f4b36e7d6c8,2026-09-10
A00000423,映画ちいかわ 人魚の島のひみつ,,,,,MOVIE,,,,,,,,,,,,,,,,,,,,,,,,,,,,,,,,,,,,,,,,,,,,,,,,,,,,,,,,,,,,,,discovery-key::f4895b448bc0d4f4e2078654628f181d79db4e87097c72b0244d1dce66b658b6,2026-09-10
A00000424,バンドリ! ゆめ∞みた,,,,,TV,,,,,,,,,,,,,,,,,,,,,,,,,,,,,,,,,,,,,,,,,,,,,,,,,,,,,,,,,,,,,,discovery-key::19347af00f8f61863a2114b8f05875815f39d18db8ab77a8f6cb08c40fec0dac,2026-09-10
A00000425,神田川 JETGIRLS,,,,,TV,,,,,,,,,,,,,,,,,,,,,,,,,,,,,,,,,,,,,,,,,,,,,,,,,,,,,,,,,,,,,,discovery-key::a62ad32ad2da754167c960a69e97c174bae1b68b2416050b302009b5aeb76162,2026-09-10
A00000426,劇場版「僕の心のヤバイやつ」,,,,,MOVIE,,,,,,,,,,,,,,,,,,,,,,,,,,,,,,,,,,,,,,,,,,,,,,,,,,,,,,,,,,,,,,discovery-key::32880bf4e8badc4e239a891d9f2f517c2b321dd41736deb05dde3ed400968464,2026-09-10
A00000427,衛宮さんちの今日のごはん,,,,,ONA,,,,,,,,,,,,,,,,,,,,,,,,,,,,,,,,,,,,,,,,,,,,,,,,,,,,,,,,,,,,,,discovery-key::01d5b729f0c25cfa4ebeb73624614b973ec184c4a7742b9cab1de2bb167a95be,2026-09-10
A00000428,キルラキル,,,,,TV,,,,,,,,,,,,,,,,,,,,,,,,,,,,,,,,,,,,,,,,,,,,,,,,,,,,,,,,,,,,,,discovery-key::035954e9dca30ddd52b69ebe913f85d0579d8c347928d15c9b3ac4da61ab3a16,2026-09-10
A00000429,二十世紀電氣目録,,,,,TV,,,,,,,,,,,,,,,,,,,,,,,,,,,,,,,,,,,,,,,,,,,,,,,,,,,,,,,,,,,,,,discovery-key::88ee5acb324c07b60194f53995c59c1fa036233c8c4db505e454052a6962a4f6,2026-09-10
A00000430,ももくり,,,,,ONA,,,,,,,,,,,,,,,,,,,,,,,,,,,,,,,,,,,,,,,,,,,,,,,,,,,,,,,,,,,,,,discovery-key::10111b49fa16d46be0344f810c82687f5237b869ed04d640a19ab154b5223f6f,2026-09-10
A00000431,才女のお世話 高嶺の花だらけな名門校で、学院一のお嬢様(生活能力皆無)を陰ながらお世話することになりました,,,,,TV,,,,,,,,,,,,,,,,,,,,,,,,,,,,,,,,,,,,,,,,,,,,,,,,,,,,,,,,,,,,,,discovery-key::968f426554de4f7c4cd4c88a05424674a0f851ce8d1b2ae437bf508b14f2dcd0,2026-09-10
A00000432,うごく!ねこむかしばなし,,,,,ONA,,,,,,,,,,,,,,,,,,,,,,,,,,,,,,,,,,,,,,,,,,,,,,,,,,,,,,,,,,,,,,discovery-key::3a994ce293fa4f9d06817f8c7dd17618f152298f6771e9db412141aeb8e9b22e,2026-09-10
A00000433,ダーウィンズゲーム,,,,,TV,,,,,,,,,,,,,,,,,,,,,,,,,,,,,,,,,,,,,,,,,,,,,,,,,,,,,,,,,,,,,,discovery-key::68161c0f35a2ed7944cc5cc88eaec646d37645349d5bcd83dbddc351e340f875,2026-09-10
A00000434,劇場版テニスの王子様 英国式庭球城決戦!,,,,,MOVIE,,,,,,,,,,,,,,,,,,,,,,,,,,,,,,,,,,,,,,,,,,,,,,,,,,,,,,,,,,,,,,discovery-key::5272a049b5e25615d88ddb27607bcb353dcb94e38d74d62e7e08038e8be85d78,2026-09-10
A00000435,闇芝居 九期,,,,,TV,,,,,,,,,,,,,,,,,,,,,,,,,,,,,,,,,,,,,,,,,,,,,,,,,,,,,,,,,,,,,,discovery-key::ca2c19444080f15a491e4f3ddb4195c128dc6d99a899aaeb69eb6d11397a5c58,2026-09-10
A00000436,闇芝居 十期,,,,,TV,,,,,,,,,,,,,,,,,,,,,,,,,,,,,,,,,,,,,,,,,,,,,,,,,,,,,,,,,,,,,,discovery-key::eaedda4cc727ab494e698f32a054909dd317a9216f27d2544bf5b3aee02cff32,2026-09-10
A00000437,闇芝居 十一期,,,,,TV,,,,,,,,,,,,,,,,,,,,,,,,,,,,,,,,,,,,,,,,,,,,,,,,,,,,,,,,,,,,,,discovery-key::b3b1ddb931067051dbc725b1e826397491ae2b2c7e5b76af8cbf361fa7517010,2026-09-10
A00000438,闇芝居 十二期,,,,,TV,,,,,,,,,,,,,,,,,,,,,,,,,,,,,,,,,,,,,,,,,,,,,,,,,,,,,,,,,,,,,,discovery-key::61daf04c580a7de122613302fcf9fe9a8f5e2eb577f1df22e4ce746e7dd675d7,2026-09-10
A00000439,闇芝居 十三期,,,,,TV,,,,,,,,,,,,,,,,,,,,,,,,,,,,,,,,,,,,,,,,,,,,,,,,,,,,,,,,,,,,,,discovery-key::3d81c87fac7a28999d4ec717a4fe85653b32ae0e2ee4710edddf8fde431c4ee8,2026-09-10
A00000440,闇芝居 十四期,,,,,TV,,,,,,,,,,,,,,,,,,,,,,,,,,,,,,,,,,,,,,,,,,,,,,,,,,,,,,,,,,,,,,discovery-key::8bec833341ab5d97da25d8dc53722a61b1044a6990aa897cff05961fb1d516bc,2026-09-10
A00000441,闇芝居 十五期,,,,,TV,,,,,,,,,,,,,,,,,,,,,,,,,,,,,,,,,,,,,,,,,,,,,,,,,,,,,,,,,,,,,,discovery-key::bafb2d854db786c7716539d206d95ecf09960180fda2d4948f0dd037a13155f3,2026-09-10
A00000442,ただいま、おじゃまされます!,,,,,TV,,,,,,,,,,,,,,,,,,,,,,,,,,,,,,,,,,,,,,,,,,,,,,,,,,,,,,,,,,,,,,discovery-key::70d84a2bb0746b3ea445e86d13405ac54d730753845af170b02266f872fef1e4,2026-09-10
A00000443,北斗の拳 拳王軍ザコたちの挽歌,,,,,TV,,,,,,,,,,,,,,,,,,,,,,,,,,,,,,,,,,,,,,,,,,,,,,,,,,,,,,,,,,,,,,discovery-key::264ba78cad556d58bcf3f11a4c9b65ef02557aefd73316caa4aaa53e16c2bc78,2026-09-10
A00000444,うしろの正面カムイさん,,,,,TV,,,,,,,,,,,,,,,,,,,,,,,,,,,,,,,,,,,,,,,,,,,,,,,,,,,,,,,,,,,,,,discovery-key::0f70f1d108546075095d9a2e638b7f9ea8a281644ba733d1617c6f13304247c4,2026-09-10
A00000445,ヤニねこ,,,,,TV,,,,,,,,,,,,,,,,,,,,,,,,,,,,,,,,,,,,,,,,,,,,,,,,,,,,,,,,,,,,,,discovery-key::ba5261319595d4bb91ac4ba2755df584d34dfd0c143462bf8e07f568af6df90a,2026-09-10
A00000446,地雷なんですか?地原さん,,,,,TV,,,,,,,,,,,,,,,,,,,,,,,,,,,,,,,,,,,,,,,,,,,,,,,,,,,,,,,,,,,,,,discovery-key::3ac0a8c9a5db2ef70391aa6007e96356fbfa2ace1c46ce128dbede6a7e2e9765,2026-09-10
A00000447,落第賢者の学院無双 ~二度目の転生、Sランクチート魔術師冒険録~,,,,,TV,,,,,,,,,,,,,,,,,,,,,,,,,,,,,,,,,,,,,,,,,,,,,,,,,,,,,,,,,,,,,,discovery-key::0821c1a3e5fc5381c7072436edeb584eaa619b36b32ebdd4c1a3e116cc4c438f,2026-09-10
A00000448,日本三國,,,,,TV,,,,,,,,,,,,,,,,,,,,,,,,,,,,,,,,,,,,,,,,,,,,,,,,,,,,,,,,,,,,,,discovery-key::38da4a57e6e5b16e94520d0933f2179ba8b752689ec082b0eddfc1dd225c1325,2026-09-10
A00000449,最弱な僕は<壁抜けバグ>で成り上がる ~壁をすり抜けたら、初回クリア報酬を無限回収できました!~,,,,,TV,,,,,,,,,,,,,,,,,,,,,,,,,,,,,,,,,,,,,,,,,,,,,,,,,,,,,,,,,,,,,,discovery-key::f67339506b4aaaedcda916d5f2705d78493d53c5a65afa1dfdf11ee3b7437e07,2026-09-10
A00000450,プリズム輪舞曲,,,,,ONA,,,,,,,,,,,,,,,,,,,,,,,,,,,,,,,,,,,,,,,,,,,,,,,,,,,,,,,,,,,,,,discovery-key::4e0bcc0129f6c7897d8ee33514330141b060efa7b0b69168294387ecc27dae12,2026-09-10
A00000451,おおかみこどもの雨と雪,,,,,MOVIE,,,,,,,,,,,,,,,,,,,,,,,,,,,,,,,,,,,,,,,,,,,,,,,,,,,,,,,,,,,,,,discovery-key::e17d237ba48e545b09a6f3d12b0a145e81a0ee9b334d8061ac68ae148e12a42f,2026-09-10
A00000452,闇芝居 十六期,,,,,TV,,,,,,,,,,,,,,,,,,,,,,,,,,,,,,,,,,,,,,,,,,,,,,,,,,,,,,,,,,,,,,discovery-key::0eab03ff2e40c8f10253ba1885b6c025e22229d3ca6c1215304297ea788662d4,2026-09-10
A00000453,はたらく細胞BLACK,,,,,TV,,,,,,,,,,,,,,,,,,,,,,,,,,,,,,,,,,,,,,,,,,,,,,,,,,,,,,,,,,,,,,discovery-key::e62f42414fde6dc566c45040b375adda6c009792ddf942df4d7b10e211115f05,2026-09-10
A00000454,君と花火と約束と,,,,,MOVIE,,,,,,,,,,,,,,,,,,,,,,,,,,,,,,,,,,,,,,,,,,,,,,,,,,,,,,,,,,,,,,discovery-key::93235b467fb828fbca23db59c629d89d3b633e285441ccc12eb64210e9f5f90f,2026-09-10
A00000455,THE RIBBON HERO リボンヒーロー,,,,,MOVIE,,,,,,,,,,,,,,,,,,,,,,,,,,,,,,,,,,,,,,,,,,,,,,,,,,,,,,,,,,,,,,discovery-key::abe61b0ab1fa1e36ddd29af87b625cdc2bdb61cda1d61e5288a2f1e2aa77a03c,2026-09-10
A00000456,フールナイト,,,,,ONA,,,,,,,,,,,,,,,,,,,,,,,,,,,,,,,,,,,,,,,,,,,,,,,,,,,,,,,,,,,,,,discovery-key::d7d5e0e6c0fa9746b1cacb06b6643c1a51b907a2c255bfb89b21369337ecc1f8,2026-09-10
A00000457,魔物使いの娘,,,,,TV,,,,,,,,,,,,,,,,,,,,,,,,,,,,,,,,,,,,,,,,,,,,,,,,,,,,,,,,,,,,,,discovery-key::f50e3fa2562c05f8530df94b2a8983af06cd4303e0a8916ad8636dcc7712358c,2026-09-10
A00000458,宇宙なんちゃら こてつくん,,,,,TV,,,,,,,,,,,,,,,,,,,,,,,,,,,,,,,,,,,,,,,,,,,,,,,,,,,,,,,,,,,,,,discovery-key::3b3d3f1acd0548e648fd4942f90e2ab3e6cbd8d9e75d2064b9261114731eb5f8,2026-09-10
A00000459,LONA,,,,,TV,,,,,,,,,,,,,,,,,,,,,,,,,,,,,,,,,,,,,,,,,,,,,,,,,,,,,,,,,,,,,,discovery-key::3aba8a49128ba304e060d932cd8c66614b189f5cbb59b4288b3378285d790c09,2026-09-10
A00000460,だんでらいおん,,,,,ONA,,,,,,,,,,,,,,,,,,,,,,,,,,,,,,,,,,,,,,,,,,,,,,,,,,,,,,,,,,,,,,discovery-key::6fb9ce1b1ef7e73d8809442e73b82da045be466f76cdf5309b5237269198d540,2026-09-10
A00000461,魔女と猟犬,,,,,TV,,,,,,,,,,,,,,,,,,,,,,,,,,,,,,,,,,,,,,,,,,,,,,,,,,,,,,,,,,,,,,discovery-key::2a2edd0a8fde153af2ba36a1b1f609365cb0872297f9258181ab959e33e06d71,2026-09-10
A00000462,捨てられ聖女の異世界ごはん旅 隠れスキルでキャンピングカーを召喚しました,,,,,TV,,,,,,,,,,,,,,,,,,,,,,,,,,,,,,,,,,,,,,,,,,,,,,,,,,,,,,,,,,,,,,discovery-key::aed0125810c90f5f0c5723460109a07e9555192f814669a440d55a50dcfe98e8,2026-09-10
A00000463,月華国奇医伝,,,,,TV,,,,,,,,,,,,,,,,,,,,,,,,,,,,,,,,,,,,,,,,,,,,,,,,,,,,,,,,,,,,,,discovery-key::6582408cdad2e9605f18b10981211bb0fb9046d0f11228f35b0cd14811945a17,2026-09-10
A00000464,恋せよまやかし天使ども,,,,,TV,,,,,,,,,,,,,,,,,,,,,,,,,,,,,,,,,,,,,,,,,,,,,,,,,,,,,,,,,,,,,,discovery-key::0850eb2ee5e73613b79cbb52193740859089b26f9b7c5791b2a5f952e0a14912,2026-09-10
A00000465,BEAT&MOTION,,,,,ONA,,,,,,,,,,,,,,,,,,,,,,,,,,,,,,,,,,,,,,,,,,,,,,,,,,,,,,,,,,,,,,discovery-key::db9fb4a04fccfad1a0953c281d223d53cc1399927565fbb6d58a554c601aa059,2026-09-10
A00000466,しらぬひ,,,,,SHORT,,,,,,,,,,,,,,,,,,,,,,,,,,,,,,,,,,,,,,,,,,,,,,,,,,,,,,,,,,,,,,discovery-key::55c2dfc83e2538fd9894e4c3620f1fb7489bc594b772254e453ddd9799e9360c,2026-09-10
A00000467,ごきげんよう、一局いかが?,,,,,TV,,,,,,,,,,,,,,,,,,,,,,,,,,,,,,,,,,,,,,,,,,,,,,,,,,,,,,,,,,,,,,discovery-key::267a5fc9488e260cff6d6652c5f673ba88b5a23c80f34ff713f134d9f44b30b9,2026-09-10
A00000468,Here U Are,,,,,TV,,,,,,,,,,,,,,,,,,,,,,,,,,,,,,,,,,,,,,,,,,,,,,,,,,,,,,,,,,,,,,discovery-key::d697097f7ef4e4d53ced458b3c0aa8ce238edec37d0720929d578606828f1eb7,2026-09-10
A00000469,人付き合いが苦手な未亡人の雪女さんと呪いの指輪,,,,,TV,,,,,,,,,,,,,,,,,,,,,,,,,,,,,,,,,,,,,,,,,,,,,,,,,,,,,,,,,,,,,,discovery-key::5b87da7c6e51f135e73f92cafface877c68fed2dd115f1e28d11b1aada82fac5,2026-09-10
A00000470,世界最強の魔女、始めました,,,,,TV,,,,,,,,,,,,,,,,,,,,,,,,,,,,,,,,,,,,,,,,,,,,,,,,,,,,,,,,,,,,,,discovery-key::60f9d337469ca5b952dc5f2bb52731545e35c2a384ff851feacdf5e70aa89473,2026-09-10
A00000471,ゲーム世界転生〈ダン活〉~ゲーマーは【ダンジョン就活のススメ】を 〈はじめから〉プレイする~,,,,,TV,,,,,,,,,,,,,,,,,,,,,,,,,,,,,,,,,,,,,,,,,,,,,,,,,,,,,,,,,,,,,,discovery-key::a1f74d39bbad3d8b7d5d7da09681fe3a2faff02c34b51f3ed513e60d628988c6,2026-09-10
A00000472,真夜中ハートチューン 第2期,,,,,TV,,,,,,,,,,,,,,,,,,,,,,,,,,,,,,,,,,,,,,,,,,,,,,,,,,,,,,,,,,,,,,discovery-key::4cbdd12c58ec5f428c56bbdfc8d766a3b3ca856aeaba3561059c5c868f6ff5dc,2026-09-10
A00000473,最強魔法師の隠遁計画,,,,,TV,,,,,,,,,,,,,,,,,,,,,,,,,,,,,,,,,,,,,,,,,,,,,,,,,,,,,,,,,,,,,,discovery-key::aa404bb74e57125c990497a1b8cd98542c9faf80f42381b7e7fe2fdf5f5f8533,2026-09-10
A00000474,おねがいアイプリ,,,,,TV,,,,,,,,,,,,,,,,,,,,,,,,,,,,,,,,,,,,,,,,,,,,,,,,,,,,,,,,,,,,,,discovery-key::7c623fe98b8a6c9edc3db6af5db63fda3c143195f77e6f4f2db2da74ba9c6059,2026-09-10
A00000475,ペンと手錠と事実婚,,,,,TV,,,,,,,,,,,,,,,,,,,,,,,,,,,,,,,,,,,,,,,,,,,,,,,,,,,,,,,,,,,,,,discovery-key::5f59897af1fb7c7569b4f317c8d86e83ed10e7bbdcab2c335b0ede7d08a341ff,2026-09-10
A00000476,ビブリア古書堂の事件手帖,,,,,TV,,,,,,,,,,,,,,,,,,,,,,,,,,,,,,,,,,,,,,,,,,,,,,,,,,,,,,,,,,,,,,discovery-key::cbc5dba57a820cc4389442246cb752b1386fbbbd50a0a6c7d5b56aae3d6f5fca,2026-09-10
A00000477,終電後、カプセルホテルで、上司に微熱伝わる夜。,,,,,TV,,,,,,,,,,,,,,,,,,,,,,,,,,,,,,,,,,,,,,,,,,,,,,,,,,,,,,,,,,,,,,discovery-key::f3b0252d30f74dfb91efa4478ed451934ced6e14804804ef4bc62ec39ee7d5d0,2026-09-10
A00000478,パパだって、したい,,,,,TV,,,,,,,,,,,,,,,,,,,,,,,,,,,,,,,,,,,,,,,,,,,,,,,,,,,,,,,,,,,,,,discovery-key::917fbc588de5b1b9997df7e983e4bacae06d0ed9f52f7722e3a30615eff5567b,2026-09-10
A00000479,あんさんぶるスターズ!,,,,,TV,,,,,,,,,,,,,,,,,,,,,,,,,,,,,,,,,,,,,,,,,,,,,,,,,,,,,,,,,,,,,,discovery-key::f1e2952130ed9367ad96fed9e9ebf36f65cbf9f549f6cd317dca22eb6fb5ea16,2026-09-10
A00000480,あんさんぶるスターズ!!-Road to Show!!-,,,,,MOVIE,,,,,,,,,,,,,,,,,,,,,,,,,,,,,,,,,,,,,,,,,,,,,,,,,,,,,,,,,,,,,,discovery-key::5ee27169fd7e28d8032a20953ed8da75d754d54ce5649bf437b9127742f26d69,2026-09-10
A00000481,恋とプロデューサー~EVOL×LOVE~,,,,,TV,,,,,,,,,,,,,,,,,,,,,,,,,,,,,,,,,,,,,,,,,,,,,,,,,,,,,,,,,,,,,,discovery-key::647af2524a30522705100fd51f7cb8d17fe0676181354c12019b41ef7d3afd7b,2026-09-10
A00000482,地元最高!,,,,,ONA,,,,,,,,,,,,,,,,,,,,,,,,,,,,,,,,,,,,,,,,,,,,,,,,,,,,,,,,,,,,,,discovery-key::72e78789fb6c7381fb22dfa3f103954d7a701c3554526bb305ade1eb70cab52d,2026-09-10
A00000483,戦奏教室,,,,,TV,,,,,,,,,,,,,,,,,,,,,,,,,,,,,,,,,,,,,,,,,,,,,,,,,,,,,,,,,,,,,,discovery-key::3ec5cadc8ed72a6714a9765376e8209f9cac6aaccf70953beeaa21f3782044cf,2026-09-10
A00000484,"Wake Up, Girls!",,,,,TV,,,,,,,,,,,,,,,,,,,,,,,,,,,,,,,,,,,,,,,,,,,,,,,,,,,,,,,,,,,,,,discovery-key::2068262c057454f8891e44b947f574ef78ab07b450dc61a1dc58e9f26c322102,2026-09-10
A00000485,クロスファイト ビーダマン,,,,,TV,,,,,,,,,,,,,,,,,,,,,,,,,,,,,,,,,,,,,,,,,,,,,,,,,,,,,,,,,,,,,,discovery-key::41b1b030f6e4e965f3d97d8ede362826a8389dfc18e53cecc572efa87d755b49,2026-09-10
A00000486,ぼくの好きな人が好きな人,,,,,TV,,,,,,,,,,,,,,,,,,,,,,,,,,,,,,,,,,,,,,,,,,,,,,,,,,,,,,,,,,,,,,discovery-key::cdeed4bda4829c822872b27bb91e2998a8e65c5e660db4d827f2a8fe01aaa6f6,2026-09-10
A00000487,ペロペロ★スパ~クルズ,,,,,TV,,,,,,,,,,,,,,,,,,,,,,,,,,,,,,,,,,,,,,,,,,,,,,,,,,,,,,,,,,,,,,discovery-key::9bb7fddb5e5afa07cabb11dcdd92121e73a8bf6b67376b5b473694d49d5b0fc9,2026-09-10
A00000488,黒岩メダカに私の可愛いが通じない Season2,,,,,TV,,,,,,,,,,,,,,,,,,,,,,,,,,,,,,,,,,,,,,,,,,,,,,,,,,,,,,,,,,,,,,discovery-key::090aac2e70f4a1a0e617280cbd4be718c9e85fedd490989fd9517f754f71fcdd,2026-09-10
A00000489,100秒でわかる名作劇場,,,,,TV,,,,,,,,,,,,,,,,,,,,,,,,,,,,,,,,,,,,,,,,,,,,,,,,,,,,,,,,,,,,,,discovery-key::c97feb4b9653fbc120c4b384e0504888099da86bf86aa396aa7ab5707db88405,2026-09-10
A00000490,のあ先輩はともだち。,,,,,TV,,,,,,,,,,,,,,,,,,,,,,,,,,,,,,,,,,,,,,,,,,,,,,,,,,,,,,,,,,,,,,discovery-key::9a805d32b9fce4a6d94fc97095ffecef38f6cde25271a3d260609b182170a1e9,2026-09-10
A00000491,ゆるゆり,,,,,TV,,,,,,,,,,,,,,,,,,,,,,,,,,,,,,,,,,,,,,,,,,,,,,,,,,,,,,,,,,,,,,discovery-key::05dd9548e4945d34926376cb362c7c3be26ac008abb1a47d1ba50945f220d028,2026-09-10
A00000492,ポケモン:ワイルドカード,,,,,MOVIE,,,,,,,,,,,,,,,,,,,,,,,,,,,,,,,,,,,,,,,,,,,,,,,,,,,,,,,,,,,,,,discovery-key::5642b385759fd4b8a8cef897c548383492b1369399361a5db14226985eee83b7,2026-09-10
A00000493,クロスファイト ビーダマンeS,,,,,TV,,,,,,,,,,,,,,,,,,,,,,,,,,,,,,,,,,,,,,,,,,,,,,,,,,,,,,,,,,,,,,discovery-key::234f398b4d21878da4bc02b699e20406d212a7d2dbf63ec356fb1702d1eec5c8,2026-09-10
A00000494,メガネブ!,,,,,TV,,,,,,,,,,,,,,,,,,,,,,,,,,,,,,,,,,,,,,,,,,,,,,,,,,,,,,,,,,,,,,discovery-key::db6ace3669a5ffe5ff2bc17f9106a6ff7a7d989532de6299e64d77b34b156b05,2026-09-10
A00000495,アルドノア・ゼロ,,,,,TV,,,,,,,,,,,,,,,,,,,,,,,,,,,,,,,,,,,,,,,,,,,,,,,,,,,,,,,,,,,,,,discovery-key::99465058687a72dbb0652e44c7823e65469d662a2f59e368689fb7e6333ed551,2026-09-10
A00000496,FAIRY TAIL,,,,,TV,,,,,,,,,,,,,,,,,,,,,,,,,,,,,,,,,,,,,,,,,,,,,,,,,,,,,,,,,,,,,,discovery-key::b2fe950eff11859b2e2c9be9b0d7fb639503a41354db31441079079cb82c4432,2026-09-10
A00000497,プリパラ,,,,,TV,,,,,,,,,,,,,,,,,,,,,,,,,,,,,,,,,,,,,,,,,,,,,,,,,,,,,,,,,,,,,,discovery-key::2dc93b0555c75a32b32c67f960653bfe0a7f6dbee3ef2005833cf19afceee508,2026-09-10
A00000498,のんのんびより,,,,,TV,,,,,,,,,,,,,,,,,,,,,,,,,,,,,,,,,,,,,,,,,,,,,,,,,,,,,,,,,,,,,,discovery-key::e5c8ef574f022640923a46ec57a6d78474f07803587f8d2d3917445bd7d5994f,2026-09-10
A00000499,ゆるゆり♪♪,,,,,TV,,,,,,,,,,,,,,,,,,,,,,,,,,,,,,,,,,,,,,,,,,,,,,,,,,,,,,,,,,,,,,discovery-key::f7781af2bb735ebbf9503b7121293026ed7a8345e28203fb1a491114ddd6a51c,2026-09-10
A00000500,千と千尋の神隠し,,,,,MOVIE,,,,,,,,,,,,,,,,,,,,,,,,,,,,,,,,,,,,,,,,,,,,,,,,,,,,,,,,,,,,,,discovery-key::3146d995b8c45faa9325e4e4bb88f836192919248dfd75e333554805f5e44f58,2026-09-10
